timestamp,value,metric_name,component_id,component_path,consumer,instance,job,type
2025-07-05 17:32:05,13,prometheus_wal_watcher_records_read_total,prometheus.remote_write.default,/,e4de65,alloy:8080,alloy-metrics,samples
2025-07-05 17:33:05,33,prometheus_wal_watcher_records_read_total,prometheus.remote_write.default,/,e4de65,alloy:8080,alloy-metrics,samples
2025-07-05 17:34:05,53,prometheus_wal_watcher_records_read_total,prometheus.remote_write.default,/,e4de65,alloy:8080,alloy-metrics,samples
2025-07-05 17:35:05,73,prometheus_wal_watcher_records_read_total,prometheus.remote_write.default,/,e4de65,alloy:8080,alloy-metrics,samples
2025-07-05 17:36:05,93,prometheus_wal_watcher_records_read_total,prometheus.remote_write.default,/,e4de65,alloy:8080,alloy-metrics,samples
2025-07-05 17:37:05,113,prometheus_wal_watcher_records_read_total,prometheus.remote_write.default,/,e4de65,alloy:8080,alloy-metrics,samples
2025-07-05 17:38:05,133,prometheus_wal_watcher_records_read_total,prometheus.remote_write.default,/,e4de65,alloy:8080,alloy-metrics,samples
2025-07-05 17:39:05,153,prometheus_wal_watcher_records_read_total,prometheus.remote_write.default,/,e4de65,alloy:8080,alloy-metrics,samples
2025-07-05 17:40:05,173,prometheus_wal_watcher_records_read_total,prometheus.remote_write.default,/,e4de65,alloy:8080,alloy-metrics,samples
2025-07-05 17:41:05,193,prometheus_wal_watcher_records_read_total,prometheus.remote_write.default,/,e4de65,alloy:8080,alloy-metrics,samples
2025-07-05 17:42:05,214,prometheus_wal_watcher_records_read_total,prometheus.remote_write.default,/,e4de65,alloy:8080,alloy-metrics,samples
2025-07-05 17:43:05,236,prometheus_wal_watcher_records_read_total,prometheus.remote_write.default,/,e4de65,alloy:8080,alloy-metrics,samples
2025-07-05 17:44:05,260,prometheus_wal_watcher_records_read_total,prometheus.remote_write.default,/,e4de65,alloy:8080,alloy-metrics,samples
2025-07-05 17:45:05,284,prometheus_wal_watcher_records_read_total,prometheus.remote_write.default,/,e4de65,alloy:8080,alloy-metrics,samples
2025-07-05 17:46:05,308,prometheus_wal_watcher_records_read_total,prometheus.remote_write.default,/,e4de65,alloy:8080,alloy-metrics,samples
2025-07-05 17:47:05,332,prometheus_wal_watcher_records_read_total,prometheus.remote_write.default,/,e4de65,alloy:8080,alloy-metrics,samples
2025-07-05 17:48:05,356,prometheus_wal_watcher_records_read_total,prometheus.remote_write.default,/,e4de65,alloy:8080,alloy-metrics,samples
2025-07-05 17:49:05,380,prometheus_wal_watcher_records_read_total,prometheus.remote_write.default,/,e4de65,alloy:8080,alloy-metrics,samples
2025-07-05 17:50:05,404,prometheus_wal_watcher_records_read_total,prometheus.remote_write.default,/,e4de65,alloy:8080,alloy-metrics,samples
2025-07-05 17:51:05,428,prometheus_wal_watcher_records_read_total,prometheus.remote_write.default,/,e4de65,alloy:8080,alloy-metrics,samples
2025-07-05 17:52:05,452,prometheus_wal_watcher_records_read_total,prometheus.remote_write.default,/,e4de65,alloy:8080,alloy-metrics,samples
2025-07-05 17:53:05,477,prometheus_wal_watcher_records_read_total,prometheus.remote_write.default,/,e4de65,alloy:8080,alloy-metrics,samples
2025-07-05 17:54:05,504,prometheus_wal_watcher_records_read_total,prometheus.remote_write.default,/,e4de65,alloy:8080,alloy-metrics,samples
2025-07-05 17:55:05,532,prometheus_wal_watcher_records_read_total,prometheus.remote_write.default,/,e4de65,alloy:8080,alloy-metrics,samples
2025-07-05 17:56:05,560,prometheus_wal_watcher_records_read_total,prometheus.remote_write.default,/,e4de65,alloy:8080,alloy-metrics,samples
2025-07-05 17:57:05,588,prometheus_wal_watcher_records_read_total,prometheus.remote_write.default,/,e4de65,alloy:8080,alloy-metrics,samples
2025-07-05 17:58:05,616,prometheus_wal_watcher_records_read_total,prometheus.remote_write.default,/,e4de65,alloy:8080,alloy-metrics,samples
2025-07-05 17:59:05,646,prometheus_wal_watcher_records_read_total,prometheus.remote_write.default,/,e4de65,alloy:8080,alloy-metrics,samples
2025-07-05 18:00:05,675,prometheus_wal_watcher_records_read_total,prometheus.remote_write.default,/,e4de65,alloy:8080,alloy-metrics,samples
2025-07-05 18:01:05,706,prometheus_wal_watcher_records_read_total,prometheus.remote_write.default,/,e4de65,alloy:8080,alloy-metrics,samples
2025-07-05 18:02:05,736,prometheus_wal_watcher_records_read_total,prometheus.remote_write.default,/,e4de65,alloy:8080,alloy-metrics,samples
2025-07-05 18:03:05,765,prometheus_wal_watcher_records_read_total,prometheus.remote_write.default,/,e4de65,alloy:8080,alloy-metrics,samples
2025-07-05 18:04:05,796,prometheus_wal_watcher_records_read_total,prometheus.remote_write.default,/,e4de65,alloy:8080,alloy-metrics,samples
2025-07-05 18:05:05,826,prometheus_wal_watcher_records_read_total,prometheus.remote_write.default,/,e4de65,alloy:8080,alloy-metrics,samples
2025-07-05 18:06:05,857,prometheus_wal_watcher_records_read_total,prometheus.remote_write.default,/,e4de65,alloy:8080,alloy-metrics,samples
2025-07-05 18:07:05,890,prometheus_wal_watcher_records_read_total,prometheus.remote_write.default,/,e4de65,alloy:8080,alloy-metrics,samples
2025-07-05 18:08:05,925,prometheus_wal_watcher_records_read_total,prometheus.remote_write.default,/,e4de65,alloy:8080,alloy-metrics,samples
2025-07-05 18:09:05,959,prometheus_wal_watcher_records_read_total,prometheus.remote_write.default,/,e4de65,alloy:8080,alloy-metrics,samples
2025-07-05 18:10:05,995,prometheus_wal_watcher_records_read_total,prometheus.remote_write.default,/,e4de65,alloy:8080,alloy-metrics,samples
2025-07-05 18:11:05,1029,prometheus_wal_watcher_records_read_total,prometheus.remote_write.default,/,e4de65,alloy:8080,alloy-metrics,samples
2025-07-05 18:12:05,1073,prometheus_wal_watcher_records_read_total,prometheus.remote_write.default,/,e4de65,alloy:8080,alloy-metrics,samples
2025-07-05 18:13:05,1114,prometheus_wal_watcher_records_read_total,prometheus.remote_write.default,/,e4de65,alloy:8080,alloy-metrics,samples
2025-07-05 18:14:05,1152,prometheus_wal_watcher_records_read_total,prometheus.remote_write.default,/,e4de65,alloy:8080,alloy-metrics,samples
2025-07-05 18:15:05,1190,prometheus_wal_watcher_records_read_total,prometheus.remote_write.default,/,e4de65,alloy:8080,alloy-metrics,samples
2025-07-05 18:16:05,1228,prometheus_wal_watcher_records_read_total,prometheus.remote_write.default,/,e4de65,alloy:8080,alloy-metrics,samples
2025-07-05 18:17:05,1266,prometheus_wal_watcher_records_read_total,prometheus.remote_write.default,/,e4de65,alloy:8080,alloy-metrics,samples
2025-07-05 18:18:05,1304,prometheus_wal_watcher_records_read_total,prometheus.remote_write.default,/,e4de65,alloy:8080,alloy-metrics,samples
2025-07-05 18:19:05,1342,prometheus_wal_watcher_records_read_total,prometheus.remote_write.default,/,e4de65,alloy:8080,alloy-metrics,samples
2025-07-05 18:20:05,1380,prometheus_wal_watcher_records_read_total,prometheus.remote_write.default,/,e4de65,alloy:8080,alloy-metrics,samples
2025-07-05 18:21:05,1418,prometheus_wal_watcher_records_read_total,prometheus.remote_write.default,/,e4de65,alloy:8080,alloy-metrics,samples
2025-07-05 18:22:05,1456,prometheus_wal_watcher_records_read_total,prometheus.remote_write.default,/,e4de65,alloy:8080,alloy-metrics,samples
2025-07-05 18:23:05,1494,prometheus_wal_watcher_records_read_total,prometheus.remote_write.default,/,e4de65,alloy:8080,alloy-metrics,samples
2025-07-05 18:24:05,1532,prometheus_wal_watcher_records_read_total,prometheus.remote_write.default,/,e4de65,alloy:8080,alloy-metrics,samples
2025-07-05 18:25:05,1570,prometheus_wal_watcher_records_read_total,prometheus.remote_write.default,/,e4de65,alloy:8080,alloy-metrics,samples
2025-07-05 18:26:05,1608,prometheus_wal_watcher_records_read_total,prometheus.remote_write.default,/,e4de65,alloy:8080,alloy-metrics,samples
2025-07-05 18:27:05,1646,prometheus_wal_watcher_records_read_total,prometheus.remote_write.default,/,e4de65,alloy:8080,alloy-metrics,samples
2025-07-05 18:28:05,1684,prometheus_wal_watcher_records_read_total,prometheus.remote_write.default,/,e4de65,alloy:8080,alloy-metrics,samples
2025-07-05 18:29:05,1722,prometheus_wal_watcher_records_read_total,prometheus.remote_write.default,/,e4de65,alloy:8080,alloy-metrics,samples
2025-07-05 18:30:05,1760,prometheus_wal_watcher_records_read_total,prometheus.remote_write.default,/,e4de65,alloy:8080,alloy-metrics,samples
2025-07-05 18:31:05,1798,prometheus_wal_watcher_records_read_total,prometheus.remote_write.default,/,e4de65,alloy:8080,alloy-metrics,samples
2025-07-05 18:32:05,1836,prometheus_wal_watcher_records_read_total,prometheus.remote_write.default,/,e4de65,alloy:8080,alloy-metrics,samples
2025-07-05 18:33:05,1874,prometheus_wal_watcher_records_read_total,prometheus.remote_write.default,/,e4de65,alloy:8080,alloy-metrics,samples
2025-07-05 18:34:05,1912,prometheus_wal_watcher_records_read_total,prometheus.remote_write.default,/,e4de65,alloy:8080,alloy-metrics,samples
2025-07-05 18:35:05,1950,prometheus_wal_watcher_records_read_total,prometheus.remote_write.default,/,e4de65,alloy:8080,alloy-metrics,samples
2025-07-05 18:36:05,1988,prometheus_wal_watcher_records_read_total,prometheus.remote_write.default,/,e4de65,alloy:8080,alloy-metrics,samples
2025-07-05 18:37:05,2026,prometheus_wal_watcher_records_read_total,prometheus.remote_write.default,/,e4de65,alloy:8080,alloy-metrics,samples
2025-07-05 18:38:05,2064,prometheus_wal_watcher_records_read_total,prometheus.remote_write.default,/,e4de65,alloy:8080,alloy-metrics,samples
2025-07-05 18:39:05,2102,prometheus_wal_watcher_records_read_total,prometheus.remote_write.default,/,e4de65,alloy:8080,alloy-metrics,samples
2025-07-05 18:40:05,2140,prometheus_wal_watcher_records_read_total,prometheus.remote_write.default,/,e4de65,alloy:8080,alloy-metrics,samples
2025-07-05 18:41:05,2178,prometheus_wal_watcher_records_read_total,prometheus.remote_write.default,/,e4de65,alloy:8080,alloy-metrics,samples
2025-07-05 18:42:05,2216,prometheus_wal_watcher_records_read_total,prometheus.remote_write.default,/,e4de65,alloy:8080,alloy-metrics,samples
2025-07-05 18:43:05,2254,prometheus_wal_watcher_records_read_total,prometheus.remote_write.default,/,e4de65,alloy:8080,alloy-metrics,samples
2025-07-05 18:44:05,2292,prometheus_wal_watcher_records_read_total,prometheus.remote_write.default,/,e4de65,alloy:8080,alloy-metrics,samples
2025-07-05 18:45:05,2322,prometheus_wal_watcher_records_read_total,prometheus.remote_write.default,/,e4de65,alloy:8080,alloy-metrics,samples
2025-07-05 18:46:05,2330,prometheus_wal_watcher_records_read_total,prometheus.remote_write.default,/,e4de65,alloy:8080,alloy-metrics,samples
2025-07-05 18:47:05,2341,prometheus_wal_watcher_records_read_total,prometheus.remote_write.default,/,e4de65,alloy:8080,alloy-metrics,samples
2025-07-05 18:48:05,2341,prometheus_wal_watcher_records_read_total,prometheus.remote_write.default,/,e4de65,alloy:8080,alloy-metrics,samples
2025-07-05 18:49:05,2341,prometheus_wal_watcher_records_read_total,prometheus.remote_write.default,/,e4de65,alloy:8080,alloy-metrics,samples
2025-07-05 18:50:05,2341,prometheus_wal_watcher_records_read_total,prometheus.remote_write.default,/,e4de65,alloy:8080,alloy-metrics,samples
2025-07-05 18:51:05,2360,prometheus_wal_watcher_records_read_total,prometheus.remote_write.default,/,e4de65,alloy:8080,alloy-metrics,samples
2025-07-05 18:52:05,2360,prometheus_wal_watcher_records_read_total,prometheus.remote_write.default,/,e4de65,alloy:8080,alloy-metrics,samples
2025-07-05 18:53:05,2360,prometheus_wal_watcher_records_read_total,prometheus.remote_write.default,/,e4de65,alloy:8080,alloy-metrics,samples
2025-07-05 18:54:05,2360,prometheus_wal_watcher_records_read_total,prometheus.remote_write.default,/,e4de65,alloy:8080,alloy-metrics,samples
2025-07-05 18:55:05,2360,prometheus_wal_watcher_records_read_total,prometheus.remote_write.default,/,e4de65,alloy:8080,alloy-metrics,samples
2025-07-05 18:58:05,2368,prometheus_wal_watcher_records_read_total,prometheus.remote_write.default,/,e4de65,alloy:8080,alloy-metrics,samples
2025-07-05 18:59:05,2379,prometheus_wal_watcher_records_read_total,prometheus.remote_write.default,/,e4de65,alloy:8080,alloy-metrics,samples
2025-07-05 19:00:05,2379,prometheus_wal_watcher_records_read_total,prometheus.remote_write.default,/,e4de65,alloy:8080,alloy-metrics,samples
2025-07-05 19:01:05,2387,prometheus_wal_watcher_records_read_total,prometheus.remote_write.default,/,e4de65,alloy:8080,alloy-metrics,samples
2025-07-05 19:02:05,2425,prometheus_wal_watcher_records_read_total,prometheus.remote_write.default,/,e4de65,alloy:8080,alloy-metrics,samples
2025-07-05 19:03:05,2463,prometheus_wal_watcher_records_read_total,prometheus.remote_write.default,/,e4de65,alloy:8080,alloy-metrics,samples
2025-07-05 19:04:05,2501,prometheus_wal_watcher_records_read_total,prometheus.remote_write.default,/,e4de65,alloy:8080,alloy-metrics,samples
2025-07-05 19:05:05,2539,prometheus_wal_watcher_records_read_total,prometheus.remote_write.default,/,e4de65,alloy:8080,alloy-metrics,samples
2025-07-05 19:06:05,2577,prometheus_wal_watcher_records_read_total,prometheus.remote_write.default,/,e4de65,alloy:8080,alloy-metrics,samples
2025-07-05 19:07:05,2615,prometheus_wal_watcher_records_read_total,prometheus.remote_write.default,/,e4de65,alloy:8080,alloy-metrics,samples
2025-07-05 19:08:05,2653,prometheus_wal_watcher_records_read_total,prometheus.remote_write.default,/,e4de65,alloy:8080,alloy-metrics,samples
2025-07-05 19:09:05,2691,prometheus_wal_watcher_records_read_total,prometheus.remote_write.default,/,e4de65,alloy:8080,alloy-metrics,samples
2025-07-05 19:10:05,2729,prometheus_wal_watcher_records_read_total,prometheus.remote_write.default,/,e4de65,alloy:8080,alloy-metrics,samples
2025-07-05 19:11:05,2767,prometheus_wal_watcher_records_read_total,prometheus.remote_write.default,/,e4de65,alloy:8080,alloy-metrics,samples
2025-07-05 19:12:05,2805,prometheus_wal_watcher_records_read_total,prometheus.remote_write.default,/,e4de65,alloy:8080,alloy-metrics,samples
2025-07-05 19:13:05,2843,prometheus_wal_watcher_records_read_total,prometheus.remote_write.default,/,e4de65,alloy:8080,alloy-metrics,samples
2025-07-05 19:14:05,2881,prometheus_wal_watcher_records_read_total,prometheus.remote_write.default,/,e4de65,alloy:8080,alloy-metrics,samples
2025-07-05 19:15:05,2919,prometheus_wal_watcher_records_read_total,prometheus.remote_write.default,/,e4de65,alloy:8080,alloy-metrics,samples
2025-07-05 19:16:05,2930,prometheus_wal_watcher_records_read_total,prometheus.remote_write.default,/,e4de65,alloy:8080,alloy-metrics,samples
2025-07-05 19:17:05,2930,prometheus_wal_watcher_records_read_total,prometheus.remote_write.default,/,e4de65,alloy:8080,alloy-metrics,samples
2025-07-05 19:18:05,2930,prometheus_wal_watcher_records_read_total,prometheus.remote_write.default,/,e4de65,alloy:8080,alloy-metrics,samples
2025-07-05 19:19:05,2930,prometheus_wal_watcher_records_read_total,prometheus.remote_write.default,/,e4de65,alloy:8080,alloy-metrics,samples
2025-07-05 19:20:05,2957,prometheus_wal_watcher_records_read_total,prometheus.remote_write.default,/,e4de65,alloy:8080,alloy-metrics,samples
2025-07-05 19:21:05,2995,prometheus_wal_watcher_records_read_total,prometheus.remote_write.default,/,e4de65,alloy:8080,alloy-metrics,samples
2025-07-05 19:22:05,3033,prometheus_wal_watcher_records_read_total,prometheus.remote_write.default,/,e4de65,alloy:8080,alloy-metrics,samples
2025-07-05 19:23:05,3071,prometheus_wal_watcher_records_read_total,prometheus.remote_write.default,/,e4de65,alloy:8080,alloy-metrics,samples
2025-07-05 19:24:05,3109,prometheus_wal_watcher_records_read_total,prometheus.remote_write.default,/,e4de65,alloy:8080,alloy-metrics,samples
2025-07-05 19:25:05,3147,prometheus_wal_watcher_records_read_total,prometheus.remote_write.default,/,e4de65,alloy:8080,alloy-metrics,samples
2025-07-05 19:26:05,3185,prometheus_wal_watcher_records_read_total,prometheus.remote_write.default,/,e4de65,alloy:8080,alloy-metrics,samples
2025-07-05 19:27:05,3223,prometheus_wal_watcher_records_read_total,prometheus.remote_write.default,/,e4de65,alloy:8080,alloy-metrics,samples
2025-07-05 19:28:05,3261,prometheus_wal_watcher_records_read_total,prometheus.remote_write.default,/,e4de65,alloy:8080,alloy-metrics,samples
2025-07-05 19:29:05,3299,prometheus_wal_watcher_records_read_total,prometheus.remote_write.default,/,e4de65,alloy:8080,alloy-metrics,samples
2025-07-05 19:30:05,3337,prometheus_wal_watcher_records_read_total,prometheus.remote_write.default,/,e4de65,alloy:8080,alloy-metrics,samples
2025-07-05 19:31:05,3375,prometheus_wal_watcher_records_read_total,prometheus.remote_write.default,/,e4de65,alloy:8080,alloy-metrics,samples
2025-07-05 19:32:05,3413,prometheus_wal_watcher_records_read_total,prometheus.remote_write.default,/,e4de65,alloy:8080,alloy-metrics,samples
2025-07-05 19:33:05,3451,prometheus_wal_watcher_records_read_total,prometheus.remote_write.default,/,e4de65,alloy:8080,alloy-metrics,samples
2025-07-05 19:34:05,3462,prometheus_wal_watcher_records_read_total,prometheus.remote_write.default,/,e4de65,alloy:8080,alloy-metrics,samples
2025-07-05 19:35:05,3462,prometheus_wal_watcher_records_read_total,prometheus.remote_write.default,/,e4de65,alloy:8080,alloy-metrics,samples
2025-07-05 19:36:05,3462,prometheus_wal_watcher_records_read_total,prometheus.remote_write.default,/,e4de65,alloy:8080,alloy-metrics,samples
2025-07-05 19:37:05,3462,prometheus_wal_watcher_records_read_total,prometheus.remote_write.default,/,e4de65,alloy:8080,alloy-metrics,samples
2025-07-05 19:38:05,3462,prometheus_wal_watcher_records_read_total,prometheus.remote_write.default,/,e4de65,alloy:8080,alloy-metrics,samples
2025-07-05 19:41:05,3481,prometheus_wal_watcher_records_read_total,prometheus.remote_write.default,/,e4de65,alloy:8080,alloy-metrics,samples
2025-07-05 19:42:05,3481,prometheus_wal_watcher_records_read_total,prometheus.remote_write.default,/,e4de65,alloy:8080,alloy-metrics,samples
2025-07-05 19:43:05,3481,prometheus_wal_watcher_records_read_total,prometheus.remote_write.default,/,e4de65,alloy:8080,alloy-metrics,samples
2025-07-05 19:44:05,3481,prometheus_wal_watcher_records_read_total,prometheus.remote_write.default,/,e4de65,alloy:8080,alloy-metrics,samples
2025-07-05 19:45:05,3481,prometheus_wal_watcher_records_read_total,prometheus.remote_write.default,/,e4de65,alloy:8080,alloy-metrics,samples
2025-07-05 19:58:05,3500,prometheus_wal_watcher_records_read_total,prometheus.remote_write.default,/,e4de65,alloy:8080,alloy-metrics,samples
2025-07-05 19:59:05,3500,prometheus_wal_watcher_records_read_total,prometheus.remote_write.default,/,e4de65,alloy:8080,alloy-metrics,samples
2025-07-05 20:00:05,3500,prometheus_wal_watcher_records_read_total,prometheus.remote_write.default,/,e4de65,alloy:8080,alloy-metrics,samples
2025-07-05 20:01:05,3500,prometheus_wal_watcher_records_read_total,prometheus.remote_write.default,/,e4de65,alloy:8080,alloy-metrics,samples
2025-07-05 20:02:05,3500,prometheus_wal_watcher_records_read_total,prometheus.remote_write.default,/,e4de65,alloy:8080,alloy-metrics,samples
2025-07-05 20:13:05,3519,prometheus_wal_watcher_records_read_total,prometheus.remote_write.default,/,e4de65,alloy:8080,alloy-metrics,samples
2025-07-05 20:14:05,3519,prometheus_wal_watcher_records_read_total,prometheus.remote_write.default,/,e4de65,alloy:8080,alloy-metrics,samples
2025-07-05 20:15:05,3519,prometheus_wal_watcher_records_read_total,prometheus.remote_write.default,/,e4de65,alloy:8080,alloy-metrics,samples
2025-07-05 20:16:05,3519,prometheus_wal_watcher_records_read_total,prometheus.remote_write.default,/,e4de65,alloy:8080,alloy-metrics,samples
2025-07-05 20:17:05,3519,prometheus_wal_watcher_records_read_total,prometheus.remote_write.default,/,e4de65,alloy:8080,alloy-metrics,samples
2025-07-05 20:22:05,3538,prometheus_wal_watcher_records_read_total,prometheus.remote_write.default,/,e4de65,alloy:8080,alloy-metrics,samples
2025-07-05 20:23:05,3538,prometheus_wal_watcher_records_read_total,prometheus.remote_write.default,/,e4de65,alloy:8080,alloy-metrics,samples
2025-07-05 20:24:05,3538,prometheus_wal_watcher_records_read_total,prometheus.remote_write.default,/,e4de65,alloy:8080,alloy-metrics,samples
2025-07-05 20:25:05,3538,prometheus_wal_watcher_records_read_total,prometheus.remote_write.default,/,e4de65,alloy:8080,alloy-metrics,samples
2025-07-05 20:26:05,3538,prometheus_wal_watcher_records_read_total,prometheus.remote_write.default,/,e4de65,alloy:8080,alloy-metrics,samples
2025-07-05 20:37:05,3557,prometheus_wal_watcher_records_read_total,prometheus.remote_write.default,/,e4de65,alloy:8080,alloy-metrics,samples
2025-07-05 20:38:05,3557,prometheus_wal_watcher_records_read_total,prometheus.remote_write.default,/,e4de65,alloy:8080,alloy-metrics,samples
2025-07-05 20:39:05,3557,prometheus_wal_watcher_records_read_total,prometheus.remote_write.default,/,e4de65,alloy:8080,alloy-metrics,samples
2025-07-05 20:40:05,3557,prometheus_wal_watcher_records_read_total,prometheus.remote_write.default,/,e4de65,alloy:8080,alloy-metrics,samples
2025-07-05 20:41:05,3557,prometheus_wal_watcher_records_read_total,prometheus.remote_write.default,/,e4de65,alloy:8080,alloy-metrics,samples
2025-07-05 20:50:05,3575,prometheus_wal_watcher_records_read_total,prometheus.remote_write.default,/,e4de65,alloy:8080,alloy-metrics,samples
2025-07-05 20:51:05,3575,prometheus_wal_watcher_records_read_total,prometheus.remote_write.default,/,e4de65,alloy:8080,alloy-metrics,samples
2025-07-05 20:52:05,3575,prometheus_wal_watcher_records_read_total,prometheus.remote_write.default,/,e4de65,alloy:8080,alloy-metrics,samples
2025-07-05 20:53:05,3575,prometheus_wal_watcher_records_read_total,prometheus.remote_write.default,/,e4de65,alloy:8080,alloy-metrics,samples
2025-07-05 20:54:05,3575,prometheus_wal_watcher_records_read_total,prometheus.remote_write.default,/,e4de65,alloy:8080,alloy-metrics,samples
2025-07-05 21:15:05,3595,prometheus_wal_watcher_records_read_total,prometheus.remote_write.default,/,e4de65,alloy:8080,alloy-metrics,samples
2025-07-05 21:16:05,3595,prometheus_wal_watcher_records_read_total,prometheus.remote_write.default,/,e4de65,alloy:8080,alloy-metrics,samples
2025-07-05 21:17:05,3595,prometheus_wal_watcher_records_read_total,prometheus.remote_write.default,/,e4de65,alloy:8080,alloy-metrics,samples
2025-07-05 21:18:05,3595,prometheus_wal_watcher_records_read_total,prometheus.remote_write.default,/,e4de65,alloy:8080,alloy-metrics,samples
2025-07-05 21:19:05,3595,prometheus_wal_watcher_records_read_total,prometheus.remote_write.default,/,e4de65,alloy:8080,alloy-metrics,samples
2025-07-05 21:30:05,3614,prometheus_wal_watcher_records_read_total,prometheus.remote_write.default,/,e4de65,alloy:8080,alloy-metrics,samples
2025-07-05 21:31:05,3614,prometheus_wal_watcher_records_read_total,prometheus.remote_write.default,/,e4de65,alloy:8080,alloy-metrics,samples
2025-07-05 21:32:05,3614,prometheus_wal_watcher_records_read_total,prometheus.remote_write.default,/,e4de65,alloy:8080,alloy-metrics,samples
2025-07-05 21:33:05,3614,prometheus_wal_watcher_records_read_total,prometheus.remote_write.default,/,e4de65,alloy:8080,alloy-metrics,samples
2025-07-05 21:34:05,3614,prometheus_wal_watcher_records_read_total,prometheus.remote_write.default,/,e4de65,alloy:8080,alloy-metrics,samples
2025-07-05 21:37:05,3641,prometheus_wal_watcher_records_read_total,prometheus.remote_write.default,/,e4de65,alloy:8080,alloy-metrics,samples
2025-07-05 21:38:05,3679,prometheus_wal_watcher_records_read_total,prometheus.remote_write.default,/,e4de65,alloy:8080,alloy-metrics,samples
2025-07-05 21:39:05,3717,prometheus_wal_watcher_records_read_total,prometheus.remote_write.default,/,e4de65,alloy:8080,alloy-metrics,samples
2025-07-05 21:40:05,3755,prometheus_wal_watcher_records_read_total,prometheus.remote_write.default,/,e4de65,alloy:8080,alloy-metrics,samples
2025-07-05 21:41:05,3793,prometheus_wal_watcher_records_read_total,prometheus.remote_write.default,/,e4de65,alloy:8080,alloy-metrics,samples
2025-07-05 21:42:05,3831,prometheus_wal_watcher_records_read_total,prometheus.remote_write.default,/,e4de65,alloy:8080,alloy-metrics,samples
2025-07-05 21:43:05,3869,prometheus_wal_watcher_records_read_total,prometheus.remote_write.default,/,e4de65,alloy:8080,alloy-metrics,samples
2025-07-05 21:44:05,3907,prometheus_wal_watcher_records_read_total,prometheus.remote_write.default,/,e4de65,alloy:8080,alloy-metrics,samples
2025-07-05 21:45:05,3918,prometheus_wal_watcher_records_read_total,prometheus.remote_write.default,/,e4de65,alloy:8080,alloy-metrics,samples
2025-07-05 21:46:05,3918,prometheus_wal_watcher_records_read_total,prometheus.remote_write.default,/,e4de65,alloy:8080,alloy-metrics,samples
2025-07-05 21:47:05,3918,prometheus_wal_watcher_records_read_total,prometheus.remote_write.default,/,e4de65,alloy:8080,alloy-metrics,samples
2025-07-05 21:48:05,3918,prometheus_wal_watcher_records_read_total,prometheus.remote_write.default,/,e4de65,alloy:8080,alloy-metrics,samples
2025-07-05 21:49:05,3918,prometheus_wal_watcher_records_read_total,prometheus.remote_write.default,/,e4de65,alloy:8080,alloy-metrics,samples
2025-07-05 22:02:05,3937,prometheus_wal_watcher_records_read_total,prometheus.remote_write.default,/,e4de65,alloy:8080,alloy-metrics,samples
2025-07-05 22:03:05,3937,prometheus_wal_watcher_records_read_total,prometheus.remote_write.default,/,e4de65,alloy:8080,alloy-metrics,samples
2025-07-05 22:04:05,3937,prometheus_wal_watcher_records_read_total,prometheus.remote_write.default,/,e4de65,alloy:8080,alloy-metrics,samples
2025-07-05 22:05:05,3937,prometheus_wal_watcher_records_read_total,prometheus.remote_write.default,/,e4de65,alloy:8080,alloy-metrics,samples
2025-07-05 22:06:05,3937,prometheus_wal_watcher_records_read_total,prometheus.remote_write.default,/,e4de65,alloy:8080,alloy-metrics,samples
2025-07-05 22:18:05,3956,prometheus_wal_watcher_records_read_total,prometheus.remote_write.default,/,e4de65,alloy:8080,alloy-metrics,samples
2025-07-05 22:19:05,3956,prometheus_wal_watcher_records_read_total,prometheus.remote_write.default,/,e4de65,alloy:8080,alloy-metrics,samples
2025-07-05 22:20:05,3956,prometheus_wal_watcher_records_read_total,prometheus.remote_write.default,/,e4de65,alloy:8080,alloy-metrics,samples
2025-07-05 22:21:05,3956,prometheus_wal_watcher_records_read_total,prometheus.remote_write.default,/,e4de65,alloy:8080,alloy-metrics,samples
2025-07-05 22:22:05,3956,prometheus_wal_watcher_records_read_total,prometheus.remote_write.default,/,e4de65,alloy:8080,alloy-metrics,samples
2025-07-05 22:33:05,3964,prometheus_wal_watcher_records_read_total,prometheus.remote_write.default,/,e4de65,alloy:8080,alloy-metrics,samples
2025-07-05 22:34:05,3975,prometheus_wal_watcher_records_read_total,prometheus.remote_write.default,/,e4de65,alloy:8080,alloy-metrics,samples
2025-07-05 22:35:05,3975,prometheus_wal_watcher_records_read_total,prometheus.remote_write.default,/,e4de65,alloy:8080,alloy-metrics,samples
2025-07-05 22:36:05,3975,prometheus_wal_watcher_records_read_total,prometheus.remote_write.default,/,e4de65,alloy:8080,alloy-metrics,samples
2025-07-05 22:37:05,3975,prometheus_wal_watcher_records_read_total,prometheus.remote_write.default,/,e4de65,alloy:8080,alloy-metrics,samples
2025-07-05 22:38:05,3975,prometheus_wal_watcher_records_read_total,prometheus.remote_write.default,/,e4de65,alloy:8080,alloy-metrics,samples
2025-07-05 22:49:05,3994,prometheus_wal_watcher_records_read_total,prometheus.remote_write.default,/,e4de65,alloy:8080,alloy-metrics,samples
2025-07-05 22:50:05,3994,prometheus_wal_watcher_records_read_total,prometheus.remote_write.default,/,e4de65,alloy:8080,alloy-metrics,samples
2025-07-05 22:51:05,3994,prometheus_wal_watcher_records_read_total,prometheus.remote_write.default,/,e4de65,alloy:8080,alloy-metrics,samples
2025-07-05 22:52:05,3994,prometheus_wal_watcher_records_read_total,prometheus.remote_write.default,/,e4de65,alloy:8080,alloy-metrics,samples
2025-07-05 22:53:05,3994,prometheus_wal_watcher_records_read_total,prometheus.remote_write.default,/,e4de65,alloy:8080,alloy-metrics,samples
2025-07-05 23:04:05,4002,prometheus_wal_watcher_records_read_total,prometheus.remote_write.default,/,e4de65,alloy:8080,alloy-metrics,samples
2025-07-05 23:05:05,4013,prometheus_wal_watcher_records_read_total,prometheus.remote_write.default,/,e4de65,alloy:8080,alloy-metrics,samples
2025-07-05 23:06:05,4013,prometheus_wal_watcher_records_read_total,prometheus.remote_write.default,/,e4de65,alloy:8080,alloy-metrics,samples
2025-07-05 23:07:05,4013,prometheus_wal_watcher_records_read_total,prometheus.remote_write.default,/,e4de65,alloy:8080,alloy-metrics,samples
2025-07-05 23:08:05,4013,prometheus_wal_watcher_records_read_total,prometheus.remote_write.default,/,e4de65,alloy:8080,alloy-metrics,samples
2025-07-05 23:09:05,4013,prometheus_wal_watcher_records_read_total,prometheus.remote_write.default,/,e4de65,alloy:8080,alloy-metrics,samples
2025-07-05 23:37:05,4032,prometheus_wal_watcher_records_read_total,prometheus.remote_write.default,/,e4de65,alloy:8080,alloy-metrics,samples
2025-07-05 23:38:05,4032,prometheus_wal_watcher_records_read_total,prometheus.remote_write.default,/,e4de65,alloy:8080,alloy-metrics,samples
2025-07-05 23:39:05,4032,prometheus_wal_watcher_records_read_total,prometheus.remote_write.default,/,e4de65,alloy:8080,alloy-metrics,samples
2025-07-05 23:40:05,4032,prometheus_wal_watcher_records_read_total,prometheus.remote_write.default,/,e4de65,alloy:8080,alloy-metrics,samples
2025-07-05 23:41:05,4032,prometheus_wal_watcher_records_read_total,prometheus.remote_write.default,/,e4de65,alloy:8080,alloy-metrics,samples
2025-07-05 23:45:05,4040,prometheus_wal_watcher_records_read_total,prometheus.remote_write.default,/,e4de65,alloy:8080,alloy-metrics,samples
2025-07-05 23:46:05,4051,prometheus_wal_watcher_records_read_total,prometheus.remote_write.default,/,e4de65,alloy:8080,alloy-metrics,samples
2025-07-05 23:47:05,4051,prometheus_wal_watcher_records_read_total,prometheus.remote_write.default,/,e4de65,alloy:8080,alloy-metrics,samples
2025-07-05 23:48:05,4051,prometheus_wal_watcher_records_read_total,prometheus.remote_write.default,/,e4de65,alloy:8080,alloy-metrics,samples
2025-07-05 23:49:05,4051,prometheus_wal_watcher_records_read_total,prometheus.remote_write.default,/,e4de65,alloy:8080,alloy-metrics,samples
2025-07-05 23:50:05,4051,prometheus_wal_watcher_records_read_total,prometheus.remote_write.default,/,e4de65,alloy:8080,alloy-metrics,samples
2025-07-06 00:01:05,4070,prometheus_wal_watcher_records_read_total,prometheus.remote_write.default,/,e4de65,alloy:8080,alloy-metrics,samples
2025-07-06 00:02:05,4070,prometheus_wal_watcher_records_read_total,prometheus.remote_write.default,/,e4de65,alloy:8080,alloy-metrics,samples
2025-07-06 00:03:05,4070,prometheus_wal_watcher_records_read_total,prometheus.remote_write.default,/,e4de65,alloy:8080,alloy-metrics,samples
2025-07-06 00:04:05,4070,prometheus_wal_watcher_records_read_total,prometheus.remote_write.default,/,e4de65,alloy:8080,alloy-metrics,samples
2025-07-06 00:05:05,4070,prometheus_wal_watcher_records_read_total,prometheus.remote_write.default,/,e4de65,alloy:8080,alloy-metrics,samples
2025-07-06 00:16:05,4078,prometheus_wal_watcher_records_read_total,prometheus.remote_write.default,/,e4de65,alloy:8080,alloy-metrics,samples
2025-07-06 00:17:05,4089,prometheus_wal_watcher_records_read_total,prometheus.remote_write.default,/,e4de65,alloy:8080,alloy-metrics,samples
2025-07-06 00:18:05,4089,prometheus_wal_watcher_records_read_total,prometheus.remote_write.default,/,e4de65,alloy:8080,alloy-metrics,samples
2025-07-06 00:19:05,4089,prometheus_wal_watcher_records_read_total,prometheus.remote_write.default,/,e4de65,alloy:8080,alloy-metrics,samples
2025-07-06 00:20:05,4089,prometheus_wal_watcher_records_read_total,prometheus.remote_write.default,/,e4de65,alloy:8080,alloy-metrics,samples
2025-07-06 00:21:05,4089,prometheus_wal_watcher_records_read_total,prometheus.remote_write.default,/,e4de65,alloy:8080,alloy-metrics,samples
2025-07-06 00:32:05,4108,prometheus_wal_watcher_records_read_total,prometheus.remote_write.default,/,e4de65,alloy:8080,alloy-metrics,samples
2025-07-06 00:33:05,4108,prometheus_wal_watcher_records_read_total,prometheus.remote_write.default,/,e4de65,alloy:8080,alloy-metrics,samples
2025-07-06 00:34:05,4108,prometheus_wal_watcher_records_read_total,prometheus.remote_write.default,/,e4de65,alloy:8080,alloy-metrics,samples
2025-07-06 00:35:05,4108,prometheus_wal_watcher_records_read_total,prometheus.remote_write.default,/,e4de65,alloy:8080,alloy-metrics,samples
2025-07-06 00:36:05,4108,prometheus_wal_watcher_records_read_total,prometheus.remote_write.default,/,e4de65,alloy:8080,alloy-metrics,samples
2025-07-06 00:46:05,4116,prometheus_wal_watcher_records_read_total,prometheus.remote_write.default,/,e4de65,alloy:8080,alloy-metrics,samples
2025-07-06 00:47:05,4127,prometheus_wal_watcher_records_read_total,prometheus.remote_write.default,/,e4de65,alloy:8080,alloy-metrics,samples
2025-07-06 00:48:05,4127,prometheus_wal_watcher_records_read_total,prometheus.remote_write.default,/,e4de65,alloy:8080,alloy-metrics,samples
2025-07-06 00:49:05,4127,prometheus_wal_watcher_records_read_total,prometheus.remote_write.default,/,e4de65,alloy:8080,alloy-metrics,samples
2025-07-06 00:50:05,4127,prometheus_wal_watcher_records_read_total,prometheus.remote_write.default,/,e4de65,alloy:8080,alloy-metrics,samples
2025-07-06 00:51:05,4127,prometheus_wal_watcher_records_read_total,prometheus.remote_write.default,/,e4de65,alloy:8080,alloy-metrics,samples
2025-07-06 01:02:05,4146,prometheus_wal_watcher_records_read_total,prometheus.remote_write.default,/,e4de65,alloy:8080,alloy-metrics,samples
2025-07-06 01:03:05,4146,prometheus_wal_watcher_records_read_total,prometheus.remote_write.default,/,e4de65,alloy:8080,alloy-metrics,samples
2025-07-06 01:04:05,4146,prometheus_wal_watcher_records_read_total,prometheus.remote_write.default,/,e4de65,alloy:8080,alloy-metrics,samples
2025-07-06 01:05:05,4146,prometheus_wal_watcher_records_read_total,prometheus.remote_write.default,/,e4de65,alloy:8080,alloy-metrics,samples
2025-07-06 01:06:05,4146,prometheus_wal_watcher_records_read_total,prometheus.remote_write.default,/,e4de65,alloy:8080,alloy-metrics,samples
2025-07-06 01:18:05,4165,prometheus_wal_watcher_records_read_total,prometheus.remote_write.default,/,e4de65,alloy:8080,alloy-metrics,samples
2025-07-06 01:19:05,4165,prometheus_wal_watcher_records_read_total,prometheus.remote_write.default,/,e4de65,alloy:8080,alloy-metrics,samples
2025-07-06 01:20:05,4165,prometheus_wal_watcher_records_read_total,prometheus.remote_write.default,/,e4de65,alloy:8080,alloy-metrics,samples
2025-07-06 01:21:05,4165,prometheus_wal_watcher_records_read_total,prometheus.remote_write.default,/,e4de65,alloy:8080,alloy-metrics,samples
2025-07-06 01:22:05,4165,prometheus_wal_watcher_records_read_total,prometheus.remote_write.default,/,e4de65,alloy:8080,alloy-metrics,samples
2025-07-06 01:33:05,4184,prometheus_wal_watcher_records_read_total,prometheus.remote_write.default,/,e4de65,alloy:8080,alloy-metrics,samples
2025-07-06 01:34:05,4184,prometheus_wal_watcher_records_read_total,prometheus.remote_write.default,/,e4de65,alloy:8080,alloy-metrics,samples
2025-07-06 01:35:05,4184,prometheus_wal_watcher_records_read_total,prometheus.remote_write.default,/,e4de65,alloy:8080,alloy-metrics,samples
2025-07-06 01:36:05,4184,prometheus_wal_watcher_records_read_total,prometheus.remote_write.default,/,e4de65,alloy:8080,alloy-metrics,samples
2025-07-06 01:37:05,4184,prometheus_wal_watcher_records_read_total,prometheus.remote_write.default,/,e4de65,alloy:8080,alloy-metrics,samples
2025-07-06 01:48:05,4203,prometheus_wal_watcher_records_read_total,prometheus.remote_write.default,/,e4de65,alloy:8080,alloy-metrics,samples
2025-07-06 01:49:05,4203,prometheus_wal_watcher_records_read_total,prometheus.remote_write.default,/,e4de65,alloy:8080,alloy-metrics,samples
2025-07-06 01:50:05,4203,prometheus_wal_watcher_records_read_total,prometheus.remote_write.default,/,e4de65,alloy:8080,alloy-metrics,samples
2025-07-06 01:51:05,4203,prometheus_wal_watcher_records_read_total,prometheus.remote_write.default,/,e4de65,alloy:8080,alloy-metrics,samples
2025-07-06 01:52:05,4203,prometheus_wal_watcher_records_read_total,prometheus.remote_write.default,/,e4de65,alloy:8080,alloy-metrics,samples
2025-07-06 02:03:05,4222,prometheus_wal_watcher_records_read_total,prometheus.remote_write.default,/,e4de65,alloy:8080,alloy-metrics,samples
2025-07-06 02:04:05,4222,prometheus_wal_watcher_records_read_total,prometheus.remote_write.default,/,e4de65,alloy:8080,alloy-metrics,samples
2025-07-06 02:05:05,4222,prometheus_wal_watcher_records_read_total,prometheus.remote_write.default,/,e4de65,alloy:8080,alloy-metrics,samples
2025-07-06 02:06:05,4222,prometheus_wal_watcher_records_read_total,prometheus.remote_write.default,/,e4de65,alloy:8080,alloy-metrics,samples
2025-07-06 02:07:05,4222,prometheus_wal_watcher_records_read_total,prometheus.remote_write.default,/,e4de65,alloy:8080,alloy-metrics,samples
2025-07-06 02:34:05,4240,prometheus_wal_watcher_records_read_total,prometheus.remote_write.default,/,e4de65,alloy:8080,alloy-metrics,samples
2025-07-06 02:35:05,4240,prometheus_wal_watcher_records_read_total,prometheus.remote_write.default,/,e4de65,alloy:8080,alloy-metrics,samples
2025-07-06 02:36:05,4240,prometheus_wal_watcher_records_read_total,prometheus.remote_write.default,/,e4de65,alloy:8080,alloy-metrics,samples
2025-07-06 02:37:05,4240,prometheus_wal_watcher_records_read_total,prometheus.remote_write.default,/,e4de65,alloy:8080,alloy-metrics,samples
2025-07-06 02:38:05,4240,prometheus_wal_watcher_records_read_total,prometheus.remote_write.default,/,e4de65,alloy:8080,alloy-metrics,samples
2025-07-06 02:49:05,4260,prometheus_wal_watcher_records_read_total,prometheus.remote_write.default,/,e4de65,alloy:8080,alloy-metrics,samples
2025-07-06 02:50:05,4260,prometheus_wal_watcher_records_read_total,prometheus.remote_write.default,/,e4de65,alloy:8080,alloy-metrics,samples
2025-07-06 02:51:05,4260,prometheus_wal_watcher_records_read_total,prometheus.remote_write.default,/,e4de65,alloy:8080,alloy-metrics,samples
2025-07-06 02:52:05,4260,prometheus_wal_watcher_records_read_total,prometheus.remote_write.default,/,e4de65,alloy:8080,alloy-metrics,samples
2025-07-06 02:53:05,4260,prometheus_wal_watcher_records_read_total,prometheus.remote_write.default,/,e4de65,alloy:8080,alloy-metrics,samples
2025-07-06 03:07:05,4277,prometheus_wal_watcher_records_read_total,prometheus.remote_write.default,/,e4de65,alloy:8080,alloy-metrics,samples
2025-07-06 03:08:05,4277,prometheus_wal_watcher_records_read_total,prometheus.remote_write.default,/,e4de65,alloy:8080,alloy-metrics,samples
2025-07-06 03:09:05,4277,prometheus_wal_watcher_records_read_total,prometheus.remote_write.default,/,e4de65,alloy:8080,alloy-metrics,samples
2025-07-06 03:10:05,4277,prometheus_wal_watcher_records_read_total,prometheus.remote_write.default,/,e4de65,alloy:8080,alloy-metrics,samples
2025-07-06 03:11:05,4277,prometheus_wal_watcher_records_read_total,prometheus.remote_write.default,/,e4de65,alloy:8080,alloy-metrics,samples
2025-07-06 03:24:05,4287,prometheus_wal_watcher_records_read_total,prometheus.remote_write.default,/,e4de65,alloy:8080,alloy-metrics,samples
2025-07-06 03:25:05,4298,prometheus_wal_watcher_records_read_total,prometheus.remote_write.default,/,e4de65,alloy:8080,alloy-metrics,samples
2025-07-06 03:26:05,4298,prometheus_wal_watcher_records_read_total,prometheus.remote_write.default,/,e4de65,alloy:8080,alloy-metrics,samples
2025-07-06 03:27:05,4298,prometheus_wal_watcher_records_read_total,prometheus.remote_write.default,/,e4de65,alloy:8080,alloy-metrics,samples
2025-07-06 03:28:05,4298,prometheus_wal_watcher_records_read_total,prometheus.remote_write.default,/,e4de65,alloy:8080,alloy-metrics,samples
2025-07-06 03:29:05,4298,prometheus_wal_watcher_records_read_total,prometheus.remote_write.default,/,e4de65,alloy:8080,alloy-metrics,samples
2025-07-06 03:41:05,4306,prometheus_wal_watcher_records_read_total,prometheus.remote_write.default,/,e4de65,alloy:8080,alloy-metrics,samples
2025-07-06 03:42:05,4316,prometheus_wal_watcher_records_read_total,prometheus.remote_write.default,/,e4de65,alloy:8080,alloy-metrics,samples
2025-07-06 03:43:05,4316,prometheus_wal_watcher_records_read_total,prometheus.remote_write.default,/,e4de65,alloy:8080,alloy-metrics,samples
2025-07-06 03:44:05,4316,prometheus_wal_watcher_records_read_total,prometheus.remote_write.default,/,e4de65,alloy:8080,alloy-metrics,samples
2025-07-06 03:45:05,4316,prometheus_wal_watcher_records_read_total,prometheus.remote_write.default,/,e4de65,alloy:8080,alloy-metrics,samples
2025-07-06 03:46:05,4316,prometheus_wal_watcher_records_read_total,prometheus.remote_write.default,/,e4de65,alloy:8080,alloy-metrics,samples
2025-07-06 03:50:05,4335,prometheus_wal_watcher_records_read_total,prometheus.remote_write.default,/,e4de65,alloy:8080,alloy-metrics,samples
2025-07-06 03:51:05,4335,prometheus_wal_watcher_records_read_total,prometheus.remote_write.default,/,e4de65,alloy:8080,alloy-metrics,samples
2025-07-06 03:52:05,4335,prometheus_wal_watcher_records_read_total,prometheus.remote_write.default,/,e4de65,alloy:8080,alloy-metrics,samples
2025-07-06 03:53:05,4335,prometheus_wal_watcher_records_read_total,prometheus.remote_write.default,/,e4de65,alloy:8080,alloy-metrics,samples
2025-07-06 03:54:05,4335,prometheus_wal_watcher_records_read_total,prometheus.remote_write.default,/,e4de65,alloy:8080,alloy-metrics,samples
2025-07-06 04:05:05,4354,prometheus_wal_watcher_records_read_total,prometheus.remote_write.default,/,e4de65,alloy:8080,alloy-metrics,samples
2025-07-06 04:06:05,4354,prometheus_wal_watcher_records_read_total,prometheus.remote_write.default,/,e4de65,alloy:8080,alloy-metrics,samples
2025-07-06 04:07:05,4354,prometheus_wal_watcher_records_read_total,prometheus.remote_write.default,/,e4de65,alloy:8080,alloy-metrics,samples
2025-07-06 04:08:05,4354,prometheus_wal_watcher_records_read_total,prometheus.remote_write.default,/,e4de65,alloy:8080,alloy-metrics,samples
2025-07-06 04:09:05,4354,prometheus_wal_watcher_records_read_total,prometheus.remote_write.default,/,e4de65,alloy:8080,alloy-metrics,samples
2025-07-06 04:23:05,4373,prometheus_wal_watcher_records_read_total,prometheus.remote_write.default,/,e4de65,alloy:8080,alloy-metrics,samples
2025-07-06 04:24:05,4373,prometheus_wal_watcher_records_read_total,prometheus.remote_write.default,/,e4de65,alloy:8080,alloy-metrics,samples
2025-07-06 04:25:05,4373,prometheus_wal_watcher_records_read_total,prometheus.remote_write.default,/,e4de65,alloy:8080,alloy-metrics,samples
2025-07-06 04:26:05,4373,prometheus_wal_watcher_records_read_total,prometheus.remote_write.default,/,e4de65,alloy:8080,alloy-metrics,samples
2025-07-06 04:27:05,4373,prometheus_wal_watcher_records_read_total,prometheus.remote_write.default,/,e4de65,alloy:8080,alloy-metrics,samples
2025-07-06 04:41:05,4393,prometheus_wal_watcher_records_read_total,prometheus.remote_write.default,/,e4de65,alloy:8080,alloy-metrics,samples
2025-07-06 04:42:05,4393,prometheus_wal_watcher_records_read_total,prometheus.remote_write.default,/,e4de65,alloy:8080,alloy-metrics,samples
2025-07-06 04:43:05,4393,prometheus_wal_watcher_records_read_total,prometheus.remote_write.default,/,e4de65,alloy:8080,alloy-metrics,samples
2025-07-05 17:32:05,12,prometheus_wal_watcher_records_read_total,prometheus.remote_write.default,/,e4de65,alloy:8080,alloy-metrics,series
2025-07-05 17:33:05,17,prometheus_wal_watcher_records_read_total,prometheus.remote_write.default,/,e4de65,alloy:8080,alloy-metrics,series
2025-07-05 17:34:05,23,prometheus_wal_watcher_records_read_total,prometheus.remote_write.default,/,e4de65,alloy:8080,alloy-metrics,series
2025-07-05 17:35:05,28,prometheus_wal_watcher_records_read_total,prometheus.remote_write.default,/,e4de65,alloy:8080,alloy-metrics,series
2025-07-05 17:36:05,33,prometheus_wal_watcher_records_read_total,prometheus.remote_write.default,/,e4de65,alloy:8080,alloy-metrics,series
2025-07-05 17:37:05,38,prometheus_wal_watcher_records_read_total,prometheus.remote_write.default,/,e4de65,alloy:8080,alloy-metrics,series
2025-07-05 17:38:05,44,prometheus_wal_watcher_records_read_total,prometheus.remote_write.default,/,e4de65,alloy:8080,alloy-metrics,series
2025-07-05 17:39:05,51,prometheus_wal_watcher_records_read_total,prometheus.remote_write.default,/,e4de65,alloy:8080,alloy-metrics,series
2025-07-05 17:40:05,57,prometheus_wal_watcher_records_read_total,prometheus.remote_write.default,/,e4de65,alloy:8080,alloy-metrics,series
2025-07-05 17:41:05,62,prometheus_wal_watcher_records_read_total,prometheus.remote_write.default,/,e4de65,alloy:8080,alloy-metrics,series
2025-07-05 17:42:05,69,prometheus_wal_watcher_records_read_total,prometheus.remote_write.default,/,e4de65,alloy:8080,alloy-metrics,series
2025-07-05 17:43:05,76,prometheus_wal_watcher_records_read_total,prometheus.remote_write.default,/,e4de65,alloy:8080,alloy-metrics,series
2025-07-05 17:44:05,84,prometheus_wal_watcher_records_read_total,prometheus.remote_write.default,/,e4de65,alloy:8080,alloy-metrics,series
2025-07-05 17:45:05,90,prometheus_wal_watcher_records_read_total,prometheus.remote_write.default,/,e4de65,alloy:8080,alloy-metrics,series
2025-07-05 17:46:05,95,prometheus_wal_watcher_records_read_total,prometheus.remote_write.default,/,e4de65,alloy:8080,alloy-metrics,series
2025-07-05 17:47:05,100,prometheus_wal_watcher_records_read_total,prometheus.remote_write.default,/,e4de65,alloy:8080,alloy-metrics,series
2025-07-05 17:48:05,105,prometheus_wal_watcher_records_read_total,prometheus.remote_write.default,/,e4de65,alloy:8080,alloy-metrics,series
2025-07-05 17:49:05,110,prometheus_wal_watcher_records_read_total,prometheus.remote_write.default,/,e4de65,alloy:8080,alloy-metrics,series
2025-07-05 17:50:05,117,prometheus_wal_watcher_records_read_total,prometheus.remote_write.default,/,e4de65,alloy:8080,alloy-metrics,series
2025-07-05 17:51:05,121,prometheus_wal_watcher_records_read_total,prometheus.remote_write.default,/,e4de65,alloy:8080,alloy-metrics,series
2025-07-05 17:52:05,126,prometheus_wal_watcher_records_read_total,prometheus.remote_write.default,/,e4de65,alloy:8080,alloy-metrics,series
2025-07-05 17:53:05,133,prometheus_wal_watcher_records_read_total,prometheus.remote_write.default,/,e4de65,alloy:8080,alloy-metrics,series
2025-07-05 17:54:05,141,prometheus_wal_watcher_records_read_total,prometheus.remote_write.default,/,e4de65,alloy:8080,alloy-metrics,series
2025-07-05 17:55:05,148,prometheus_wal_watcher_records_read_total,prometheus.remote_write.default,/,e4de65,alloy:8080,alloy-metrics,series
2025-07-05 17:56:05,152,prometheus_wal_watcher_records_read_total,prometheus.remote_write.default,/,e4de65,alloy:8080,alloy-metrics,series
2025-07-05 17:57:05,157,prometheus_wal_watcher_records_read_total,prometheus.remote_write.default,/,e4de65,alloy:8080,alloy-metrics,series
2025-07-05 17:58:05,163,prometheus_wal_watcher_records_read_total,prometheus.remote_write.default,/,e4de65,alloy:8080,alloy-metrics,series
2025-07-05 17:59:05,171,prometheus_wal_watcher_records_read_total,prometheus.remote_write.default,/,e4de65,alloy:8080,alloy-metrics,series
2025-07-05 18:00:05,178,prometheus_wal_watcher_records_read_total,prometheus.remote_write.default,/,e4de65,alloy:8080,alloy-metrics,series
2025-07-05 18:01:05,184,prometheus_wal_watcher_records_read_total,prometheus.remote_write.default,/,e4de65,alloy:8080,alloy-metrics,series
2025-07-05 18:02:05,189,prometheus_wal_watcher_records_read_total,prometheus.remote_write.default,/,e4de65,alloy:8080,alloy-metrics,series
2025-07-05 18:03:05,195,prometheus_wal_watcher_records_read_total,prometheus.remote_write.default,/,e4de65,alloy:8080,alloy-metrics,series
2025-07-05 18:04:05,201,prometheus_wal_watcher_records_read_total,prometheus.remote_write.default,/,e4de65,alloy:8080,alloy-metrics,series
2025-07-05 18:05:05,207,prometheus_wal_watcher_records_read_total,prometheus.remote_write.default,/,e4de65,alloy:8080,alloy-metrics,series
2025-07-05 18:06:05,214,prometheus_wal_watcher_records_read_total,prometheus.remote_write.default,/,e4de65,alloy:8080,alloy-metrics,series
2025-07-05 18:07:05,223,prometheus_wal_watcher_records_read_total,prometheus.remote_write.default,/,e4de65,alloy:8080,alloy-metrics,series
2025-07-05 18:08:05,232,prometheus_wal_watcher_records_read_total,prometheus.remote_write.default,/,e4de65,alloy:8080,alloy-metrics,series
2025-07-05 18:09:05,240,prometheus_wal_watcher_records_read_total,prometheus.remote_write.default,/,e4de65,alloy:8080,alloy-metrics,series
2025-07-05 18:10:05,248,prometheus_wal_watcher_records_read_total,prometheus.remote_write.default,/,e4de65,alloy:8080,alloy-metrics,series
2025-07-05 18:11:05,259,prometheus_wal_watcher_records_read_total,prometheus.remote_write.default,/,e4de65,alloy:8080,alloy-metrics,series
2025-07-05 18:12:05,282,prometheus_wal_watcher_records_read_total,prometheus.remote_write.default,/,e4de65,alloy:8080,alloy-metrics,series
2025-07-05 18:13:05,293,prometheus_wal_watcher_records_read_total,prometheus.remote_write.default,/,e4de65,alloy:8080,alloy-metrics,series
2025-07-05 18:14:05,298,prometheus_wal_watcher_records_read_total,prometheus.remote_write.default,/,e4de65,alloy:8080,alloy-metrics,series
2025-07-05 18:15:05,305,prometheus_wal_watcher_records_read_total,prometheus.remote_write.default,/,e4de65,alloy:8080,alloy-metrics,series
2025-07-05 18:16:05,313,prometheus_wal_watcher_records_read_total,prometheus.remote_write.default,/,e4de65,alloy:8080,alloy-metrics,series
2025-07-05 18:17:05,320,prometheus_wal_watcher_records_read_total,prometheus.remote_write.default,/,e4de65,alloy:8080,alloy-metrics,series
2025-07-05 18:18:05,326,prometheus_wal_watcher_records_read_total,prometheus.remote_write.default,/,e4de65,alloy:8080,alloy-metrics,series
2025-07-05 18:19:05,333,prometheus_wal_watcher_records_read_total,prometheus.remote_write.default,/,e4de65,alloy:8080,alloy-metrics,series
2025-07-05 18:20:05,340,prometheus_wal_watcher_records_read_total,prometheus.remote_write.default,/,e4de65,alloy:8080,alloy-metrics,series
2025-07-05 18:21:05,346,prometheus_wal_watcher_records_read_total,prometheus.remote_write.default,/,e4de65,alloy:8080,alloy-metrics,series
2025-07-05 18:22:05,351,prometheus_wal_watcher_records_read_total,prometheus.remote_write.default,/,e4de65,alloy:8080,alloy-metrics,series
2025-07-05 18:23:05,358,prometheus_wal_watcher_records_read_total,prometheus.remote_write.default,/,e4de65,alloy:8080,alloy-metrics,series
2025-07-05 18:24:05,363,prometheus_wal_watcher_records_read_total,prometheus.remote_write.default,/,e4de65,alloy:8080,alloy-metrics,series
2025-07-05 18:25:05,370,prometheus_wal_watcher_records_read_total,prometheus.remote_write.default,/,e4de65,alloy:8080,alloy-metrics,series
2025-07-05 18:26:05,379,prometheus_wal_watcher_records_read_total,prometheus.remote_write.default,/,e4de65,alloy:8080,alloy-metrics,series
2025-07-05 18:27:05,384,prometheus_wal_watcher_records_read_total,prometheus.remote_write.default,/,e4de65,alloy:8080,alloy-metrics,series
2025-07-05 18:28:05,390,prometheus_wal_watcher_records_read_total,prometheus.remote_write.default,/,e4de65,alloy:8080,alloy-metrics,series
2025-07-05 18:29:05,395,prometheus_wal_watcher_records_read_total,prometheus.remote_write.default,/,e4de65,alloy:8080,alloy-metrics,series
2025-07-05 18:30:05,400,prometheus_wal_watcher_records_read_total,prometheus.remote_write.default,/,e4de65,alloy:8080,alloy-metrics,series
2025-07-05 18:31:05,404,prometheus_wal_watcher_records_read_total,prometheus.remote_write.default,/,e4de65,alloy:8080,alloy-metrics,series
2025-07-05 18:32:05,408,prometheus_wal_watcher_records_read_total,prometheus.remote_write.default,/,e4de65,alloy:8080,alloy-metrics,series
2025-07-05 18:33:05,414,prometheus_wal_watcher_records_read_total,prometheus.remote_write.default,/,e4de65,alloy:8080,alloy-metrics,series
2025-07-05 18:34:05,419,prometheus_wal_watcher_records_read_total,prometheus.remote_write.default,/,e4de65,alloy:8080,alloy-metrics,series
2025-07-05 18:35:05,424,prometheus_wal_watcher_records_read_total,prometheus.remote_write.default,/,e4de65,alloy:8080,alloy-metrics,series
2025-07-05 18:36:05,429,prometheus_wal_watcher_records_read_total,prometheus.remote_write.default,/,e4de65,alloy:8080,alloy-metrics,series
2025-07-05 18:37:05,435,prometheus_wal_watcher_records_read_total,prometheus.remote_write.default,/,e4de65,alloy:8080,alloy-metrics,series
2025-07-05 18:38:05,441,prometheus_wal_watcher_records_read_total,prometheus.remote_write.default,/,e4de65,alloy:8080,alloy-metrics,series
2025-07-05 18:39:05,445,prometheus_wal_watcher_records_read_total,prometheus.remote_write.default,/,e4de65,alloy:8080,alloy-metrics,series
2025-07-05 18:40:05,450,prometheus_wal_watcher_records_read_total,prometheus.remote_write.default,/,e4de65,alloy:8080,alloy-metrics,series
2025-07-05 18:41:05,454,prometheus_wal_watcher_records_read_total,prometheus.remote_write.default,/,e4de65,alloy:8080,alloy-metrics,series
2025-07-05 18:42:05,458,prometheus_wal_watcher_records_read_total,prometheus.remote_write.default,/,e4de65,alloy:8080,alloy-metrics,series
2025-07-05 18:43:05,464,prometheus_wal_watcher_records_read_total,prometheus.remote_write.default,/,e4de65,alloy:8080,alloy-metrics,series
2025-07-05 18:44:05,469,prometheus_wal_watcher_records_read_total,prometheus.remote_write.default,/,e4de65,alloy:8080,alloy-metrics,series
2025-07-05 18:45:05,473,prometheus_wal_watcher_records_read_total,prometheus.remote_write.default,/,e4de65,alloy:8080,alloy-metrics,series
2025-07-05 18:46:05,474,prometheus_wal_watcher_records_read_total,prometheus.remote_write.default,/,e4de65,alloy:8080,alloy-metrics,series
2025-07-05 18:47:05,476,prometheus_wal_watcher_records_read_total,prometheus.remote_write.default,/,e4de65,alloy:8080,alloy-metrics,series
2025-07-05 18:48:05,476,prometheus_wal_watcher_records_read_total,prometheus.remote_write.default,/,e4de65,alloy:8080,alloy-metrics,series
2025-07-05 18:49:05,476,prometheus_wal_watcher_records_read_total,prometheus.remote_write.default,/,e4de65,alloy:8080,alloy-metrics,series
2025-07-05 18:50:05,476,prometheus_wal_watcher_records_read_total,prometheus.remote_write.default,/,e4de65,alloy:8080,alloy-metrics,series
2025-07-05 18:51:05,479,prometheus_wal_watcher_records_read_total,prometheus.remote_write.default,/,e4de65,alloy:8080,alloy-metrics,series
2025-07-05 18:52:05,479,prometheus_wal_watcher_records_read_total,prometheus.remote_write.default,/,e4de65,alloy:8080,alloy-metrics,series
2025-07-05 18:53:05,479,prometheus_wal_watcher_records_read_total,prometheus.remote_write.default,/,e4de65,alloy:8080,alloy-metrics,series
2025-07-05 18:54:05,479,prometheus_wal_watcher_records_read_total,prometheus.remote_write.default,/,e4de65,alloy:8080,alloy-metrics,series
2025-07-05 18:55:05,479,prometheus_wal_watcher_records_read_total,prometheus.remote_write.default,/,e4de65,alloy:8080,alloy-metrics,series
2025-07-05 18:58:05,481,prometheus_wal_watcher_records_read_total,prometheus.remote_write.default,/,e4de65,alloy:8080,alloy-metrics,series
2025-07-05 18:59:05,482,prometheus_wal_watcher_records_read_total,prometheus.remote_write.default,/,e4de65,alloy:8080,alloy-metrics,series
2025-07-05 19:00:05,482,prometheus_wal_watcher_records_read_total,prometheus.remote_write.default,/,e4de65,alloy:8080,alloy-metrics,series
2025-07-05 19:01:05,483,prometheus_wal_watcher_records_read_total,prometheus.remote_write.default,/,e4de65,alloy:8080,alloy-metrics,series
2025-07-05 19:02:05,489,prometheus_wal_watcher_records_read_total,prometheus.remote_write.default,/,e4de65,alloy:8080,alloy-metrics,series
2025-07-05 19:03:05,494,prometheus_wal_watcher_records_read_total,prometheus.remote_write.default,/,e4de65,alloy:8080,alloy-metrics,series
2025-07-05 19:04:05,499,prometheus_wal_watcher_records_read_total,prometheus.remote_write.default,/,e4de65,alloy:8080,alloy-metrics,series
2025-07-05 19:05:05,505,prometheus_wal_watcher_records_read_total,prometheus.remote_write.default,/,e4de65,alloy:8080,alloy-metrics,series
2025-07-05 19:06:05,510,prometheus_wal_watcher_records_read_total,prometheus.remote_write.default,/,e4de65,alloy:8080,alloy-metrics,series
2025-07-05 19:07:05,515,prometheus_wal_watcher_records_read_total,prometheus.remote_write.default,/,e4de65,alloy:8080,alloy-metrics,series
2025-07-05 19:08:05,519,prometheus_wal_watcher_records_read_total,prometheus.remote_write.default,/,e4de65,alloy:8080,alloy-metrics,series
2025-07-05 19:09:05,524,prometheus_wal_watcher_records_read_total,prometheus.remote_write.default,/,e4de65,alloy:8080,alloy-metrics,series
2025-07-05 19:10:05,530,prometheus_wal_watcher_records_read_total,prometheus.remote_write.default,/,e4de65,alloy:8080,alloy-metrics,series
2025-07-05 19:11:05,535,prometheus_wal_watcher_records_read_total,prometheus.remote_write.default,/,e4de65,alloy:8080,alloy-metrics,series
2025-07-05 19:12:05,541,prometheus_wal_watcher_records_read_total,prometheus.remote_write.default,/,e4de65,alloy:8080,alloy-metrics,series
2025-07-05 19:13:05,545,prometheus_wal_watcher_records_read_total,prometheus.remote_write.default,/,e4de65,alloy:8080,alloy-metrics,series
2025-07-05 19:14:05,550,prometheus_wal_watcher_records_read_total,prometheus.remote_write.default,/,e4de65,alloy:8080,alloy-metrics,series
2025-07-05 19:15:05,556,prometheus_wal_watcher_records_read_total,prometheus.remote_write.default,/,e4de65,alloy:8080,alloy-metrics,series
2025-07-05 19:16:05,558,prometheus_wal_watcher_records_read_total,prometheus.remote_write.default,/,e4de65,alloy:8080,alloy-metrics,series
2025-07-05 19:17:05,558,prometheus_wal_watcher_records_read_total,prometheus.remote_write.default,/,e4de65,alloy:8080,alloy-metrics,series
2025-07-05 19:18:05,558,prometheus_wal_watcher_records_read_total,prometheus.remote_write.default,/,e4de65,alloy:8080,alloy-metrics,series
2025-07-05 19:19:05,558,prometheus_wal_watcher_records_read_total,prometheus.remote_write.default,/,e4de65,alloy:8080,alloy-metrics,series
2025-07-05 19:20:05,561,prometheus_wal_watcher_records_read_total,prometheus.remote_write.default,/,e4de65,alloy:8080,alloy-metrics,series
2025-07-05 19:21:05,567,prometheus_wal_watcher_records_read_total,prometheus.remote_write.default,/,e4de65,alloy:8080,alloy-metrics,series
2025-07-05 19:22:05,572,prometheus_wal_watcher_records_read_total,prometheus.remote_write.default,/,e4de65,alloy:8080,alloy-metrics,series
2025-07-05 19:23:05,577,prometheus_wal_watcher_records_read_total,prometheus.remote_write.default,/,e4de65,alloy:8080,alloy-metrics,series
2025-07-05 19:24:05,581,prometheus_wal_watcher_records_read_total,prometheus.remote_write.default,/,e4de65,alloy:8080,alloy-metrics,series
2025-07-05 19:25:05,586,prometheus_wal_watcher_records_read_total,prometheus.remote_write.default,/,e4de65,alloy:8080,alloy-metrics,series
2025-07-05 19:26:05,592,prometheus_wal_watcher_records_read_total,prometheus.remote_write.default,/,e4de65,alloy:8080,alloy-metrics,series
2025-07-05 19:27:05,597,prometheus_wal_watcher_records_read_total,prometheus.remote_write.default,/,e4de65,alloy:8080,alloy-metrics,series
2025-07-05 19:28:05,602,prometheus_wal_watcher_records_read_total,prometheus.remote_write.default,/,e4de65,alloy:8080,alloy-metrics,series
2025-07-05 19:29:05,608,prometheus_wal_watcher_records_read_total,prometheus.remote_write.default,/,e4de65,alloy:8080,alloy-metrics,series
2025-07-05 19:30:05,613,prometheus_wal_watcher_records_read_total,prometheus.remote_write.default,/,e4de65,alloy:8080,alloy-metrics,series
2025-07-05 19:31:05,619,prometheus_wal_watcher_records_read_total,prometheus.remote_write.default,/,e4de65,alloy:8080,alloy-metrics,series
2025-07-05 19:32:05,622,prometheus_wal_watcher_records_read_total,prometheus.remote_write.default,/,e4de65,alloy:8080,alloy-metrics,series
2025-07-05 19:33:05,626,prometheus_wal_watcher_records_read_total,prometheus.remote_write.default,/,e4de65,alloy:8080,alloy-metrics,series
2025-07-05 19:34:05,628,prometheus_wal_watcher_records_read_total,prometheus.remote_write.default,/,e4de65,alloy:8080,alloy-metrics,series
2025-07-05 19:35:05,628,prometheus_wal_watcher_records_read_total,prometheus.remote_write.default,/,e4de65,alloy:8080,alloy-metrics,series
2025-07-05 19:36:05,628,prometheus_wal_watcher_records_read_total,prometheus.remote_write.default,/,e4de65,alloy:8080,alloy-metrics,series
2025-07-05 19:37:05,628,prometheus_wal_watcher_records_read_total,prometheus.remote_write.default,/,e4de65,alloy:8080,alloy-metrics,series
2025-07-05 19:38:05,628,prometheus_wal_watcher_records_read_total,prometheus.remote_write.default,/,e4de65,alloy:8080,alloy-metrics,series
2025-07-05 19:41:05,631,prometheus_wal_watcher_records_read_total,prometheus.remote_write.default,/,e4de65,alloy:8080,alloy-metrics,series
2025-07-05 19:42:05,631,prometheus_wal_watcher_records_read_total,prometheus.remote_write.default,/,e4de65,alloy:8080,alloy-metrics,series
2025-07-05 19:43:05,631,prometheus_wal_watcher_records_read_total,prometheus.remote_write.default,/,e4de65,alloy:8080,alloy-metrics,series
2025-07-05 19:44:05,631,prometheus_wal_watcher_records_read_total,prometheus.remote_write.default,/,e4de65,alloy:8080,alloy-metrics,series
2025-07-05 19:45:05,631,prometheus_wal_watcher_records_read_total,prometheus.remote_write.default,/,e4de65,alloy:8080,alloy-metrics,series
2025-07-05 19:58:05,634,prometheus_wal_watcher_records_read_total,prometheus.remote_write.default,/,e4de65,alloy:8080,alloy-metrics,series
2025-07-05 19:59:05,634,prometheus_wal_watcher_records_read_total,prometheus.remote_write.default,/,e4de65,alloy:8080,alloy-metrics,series
2025-07-05 20:00:05,634,prometheus_wal_watcher_records_read_total,prometheus.remote_write.default,/,e4de65,alloy:8080,alloy-metrics,series
2025-07-05 20:01:05,634,prometheus_wal_watcher_records_read_total,prometheus.remote_write.default,/,e4de65,alloy:8080,alloy-metrics,series
2025-07-05 20:02:05,634,prometheus_wal_watcher_records_read_total,prometheus.remote_write.default,/,e4de65,alloy:8080,alloy-metrics,series
2025-07-05 20:13:05,637,prometheus_wal_watcher_records_read_total,prometheus.remote_write.default,/,e4de65,alloy:8080,alloy-metrics,series
2025-07-05 20:14:05,637,prometheus_wal_watcher_records_read_total,prometheus.remote_write.default,/,e4de65,alloy:8080,alloy-metrics,series
2025-07-05 20:15:05,637,prometheus_wal_watcher_records_read_total,prometheus.remote_write.default,/,e4de65,alloy:8080,alloy-metrics,series
2025-07-05 20:16:05,637,prometheus_wal_watcher_records_read_total,prometheus.remote_write.default,/,e4de65,alloy:8080,alloy-metrics,series
2025-07-05 20:17:05,637,prometheus_wal_watcher_records_read_total,prometheus.remote_write.default,/,e4de65,alloy:8080,alloy-metrics,series
2025-07-05 20:22:05,640,prometheus_wal_watcher_records_read_total,prometheus.remote_write.default,/,e4de65,alloy:8080,alloy-metrics,series
2025-07-05 20:23:05,640,prometheus_wal_watcher_records_read_total,prometheus.remote_write.default,/,e4de65,alloy:8080,alloy-metrics,series
2025-07-05 20:24:05,640,prometheus_wal_watcher_records_read_total,prometheus.remote_write.default,/,e4de65,alloy:8080,alloy-metrics,series
2025-07-05 20:25:05,640,prometheus_wal_watcher_records_read_total,prometheus.remote_write.default,/,e4de65,alloy:8080,alloy-metrics,series
2025-07-05 20:26:05,640,prometheus_wal_watcher_records_read_total,prometheus.remote_write.default,/,e4de65,alloy:8080,alloy-metrics,series
2025-07-05 20:37:05,643,prometheus_wal_watcher_records_read_total,prometheus.remote_write.default,/,e4de65,alloy:8080,alloy-metrics,series
2025-07-05 20:38:05,643,prometheus_wal_watcher_records_read_total,prometheus.remote_write.default,/,e4de65,alloy:8080,alloy-metrics,series
2025-07-05 20:39:05,643,prometheus_wal_watcher_records_read_total,prometheus.remote_write.default,/,e4de65,alloy:8080,alloy-metrics,series
2025-07-05 20:40:05,643,prometheus_wal_watcher_records_read_total,prometheus.remote_write.default,/,e4de65,alloy:8080,alloy-metrics,series
2025-07-05 20:41:05,643,prometheus_wal_watcher_records_read_total,prometheus.remote_write.default,/,e4de65,alloy:8080,alloy-metrics,series
2025-07-05 20:50:05,648,prometheus_wal_watcher_records_read_total,prometheus.remote_write.default,/,e4de65,alloy:8080,alloy-metrics,series
2025-07-05 20:51:05,648,prometheus_wal_watcher_records_read_total,prometheus.remote_write.default,/,e4de65,alloy:8080,alloy-metrics,series
2025-07-05 20:52:05,648,prometheus_wal_watcher_records_read_total,prometheus.remote_write.default,/,e4de65,alloy:8080,alloy-metrics,series
2025-07-05 20:53:05,648,prometheus_wal_watcher_records_read_total,prometheus.remote_write.default,/,e4de65,alloy:8080,alloy-metrics,series
2025-07-05 20:54:05,648,prometheus_wal_watcher_records_read_total,prometheus.remote_write.default,/,e4de65,alloy:8080,alloy-metrics,series
2025-07-05 21:15:05,650,prometheus_wal_watcher_records_read_total,prometheus.remote_write.default,/,e4de65,alloy:8080,alloy-metrics,series
2025-07-05 21:16:05,650,prometheus_wal_watcher_records_read_total,prometheus.remote_write.default,/,e4de65,alloy:8080,alloy-metrics,series
2025-07-05 21:17:05,650,prometheus_wal_watcher_records_read_total,prometheus.remote_write.default,/,e4de65,alloy:8080,alloy-metrics,series
2025-07-05 21:18:05,650,prometheus_wal_watcher_records_read_total,prometheus.remote_write.default,/,e4de65,alloy:8080,alloy-metrics,series
2025-07-05 21:19:05,650,prometheus_wal_watcher_records_read_total,prometheus.remote_write.default,/,e4de65,alloy:8080,alloy-metrics,series
2025-07-05 21:30:05,653,prometheus_wal_watcher_records_read_total,prometheus.remote_write.default,/,e4de65,alloy:8080,alloy-metrics,series
2025-07-05 21:31:05,653,prometheus_wal_watcher_records_read_total,prometheus.remote_write.default,/,e4de65,alloy:8080,alloy-metrics,series
2025-07-05 21:32:05,653,prometheus_wal_watcher_records_read_total,prometheus.remote_write.default,/,e4de65,alloy:8080,alloy-metrics,series
2025-07-05 21:33:05,653,prometheus_wal_watcher_records_read_total,prometheus.remote_write.default,/,e4de65,alloy:8080,alloy-metrics,series
2025-07-05 21:34:05,653,prometheus_wal_watcher_records_read_total,prometheus.remote_write.default,/,e4de65,alloy:8080,alloy-metrics,series
2025-07-05 21:37:05,658,prometheus_wal_watcher_records_read_total,prometheus.remote_write.default,/,e4de65,alloy:8080,alloy-metrics,series
2025-07-05 21:38:05,663,prometheus_wal_watcher_records_read_total,prometheus.remote_write.default,/,e4de65,alloy:8080,alloy-metrics,series
2025-07-05 21:39:05,668,prometheus_wal_watcher_records_read_total,prometheus.remote_write.default,/,e4de65,alloy:8080,alloy-metrics,series
2025-07-05 21:40:05,673,prometheus_wal_watcher_records_read_total,prometheus.remote_write.default,/,e4de65,alloy:8080,alloy-metrics,series
2025-07-05 21:41:05,677,prometheus_wal_watcher_records_read_total,prometheus.remote_write.default,/,e4de65,alloy:8080,alloy-metrics,series
2025-07-05 21:42:05,683,prometheus_wal_watcher_records_read_total,prometheus.remote_write.default,/,e4de65,alloy:8080,alloy-metrics,series
2025-07-05 21:43:05,688,prometheus_wal_watcher_records_read_total,prometheus.remote_write.default,/,e4de65,alloy:8080,alloy-metrics,series
2025-07-05 21:44:05,693,prometheus_wal_watcher_records_read_total,prometheus.remote_write.default,/,e4de65,alloy:8080,alloy-metrics,series
2025-07-05 21:45:05,695,prometheus_wal_watcher_records_read_total,prometheus.remote_write.default,/,e4de65,alloy:8080,alloy-metrics,series
2025-07-05 21:46:05,695,prometheus_wal_watcher_records_read_total,prometheus.remote_write.default,/,e4de65,alloy:8080,alloy-metrics,series
2025-07-05 21:47:05,695,prometheus_wal_watcher_records_read_total,prometheus.remote_write.default,/,e4de65,alloy:8080,alloy-metrics,series
2025-07-05 21:48:05,695,prometheus_wal_watcher_records_read_total,prometheus.remote_write.default,/,e4de65,alloy:8080,alloy-metrics,series
2025-07-05 21:49:05,695,prometheus_wal_watcher_records_read_total,prometheus.remote_write.default,/,e4de65,alloy:8080,alloy-metrics,series
2025-07-05 22:02:05,698,prometheus_wal_watcher_records_read_total,prometheus.remote_write.default,/,e4de65,alloy:8080,alloy-metrics,series
2025-07-05 22:03:05,698,prometheus_wal_watcher_records_read_total,prometheus.remote_write.default,/,e4de65,alloy:8080,alloy-metrics,series
2025-07-05 22:04:05,698,prometheus_wal_watcher_records_read_total,prometheus.remote_write.default,/,e4de65,alloy:8080,alloy-metrics,series
2025-07-05 22:05:05,698,prometheus_wal_watcher_records_read_total,prometheus.remote_write.default,/,e4de65,alloy:8080,alloy-metrics,series
2025-07-05 22:06:05,698,prometheus_wal_watcher_records_read_total,prometheus.remote_write.default,/,e4de65,alloy:8080,alloy-metrics,series
2025-07-05 22:18:05,701,prometheus_wal_watcher_records_read_total,prometheus.remote_write.default,/,e4de65,alloy:8080,alloy-metrics,series
2025-07-05 22:19:05,701,prometheus_wal_watcher_records_read_total,prometheus.remote_write.default,/,e4de65,alloy:8080,alloy-metrics,series
2025-07-05 22:20:05,701,prometheus_wal_watcher_records_read_total,prometheus.remote_write.default,/,e4de65,alloy:8080,alloy-metrics,series
2025-07-05 22:21:05,701,prometheus_wal_watcher_records_read_total,prometheus.remote_write.default,/,e4de65,alloy:8080,alloy-metrics,series
2025-07-05 22:22:05,701,prometheus_wal_watcher_records_read_total,prometheus.remote_write.default,/,e4de65,alloy:8080,alloy-metrics,series
2025-07-05 22:33:05,702,prometheus_wal_watcher_records_read_total,prometheus.remote_write.default,/,e4de65,alloy:8080,alloy-metrics,series
2025-07-05 22:34:05,702,prometheus_wal_watcher_records_read_total,prometheus.remote_write.default,/,e4de65,alloy:8080,alloy-metrics,series
2025-07-05 22:35:05,702,prometheus_wal_watcher_records_read_total,prometheus.remote_write.default,/,e4de65,alloy:8080,alloy-metrics,series
2025-07-05 22:36:05,702,prometheus_wal_watcher_records_read_total,prometheus.remote_write.default,/,e4de65,alloy:8080,alloy-metrics,series
2025-07-05 22:37:05,702,prometheus_wal_watcher_records_read_total,prometheus.remote_write.default,/,e4de65,alloy:8080,alloy-metrics,series
2025-07-05 22:38:05,702,prometheus_wal_watcher_records_read_total,prometheus.remote_write.default,/,e4de65,alloy:8080,alloy-metrics,series
2025-07-05 22:49:05,705,prometheus_wal_watcher_records_read_total,prometheus.remote_write.default,/,e4de65,alloy:8080,alloy-metrics,series
2025-07-05 22:50:05,705,prometheus_wal_watcher_records_read_total,prometheus.remote_write.default,/,e4de65,alloy:8080,alloy-metrics,series
2025-07-05 22:51:05,705,prometheus_wal_watcher_records_read_total,prometheus.remote_write.default,/,e4de65,alloy:8080,alloy-metrics,series
2025-07-05 22:52:05,705,prometheus_wal_watcher_records_read_total,prometheus.remote_write.default,/,e4de65,alloy:8080,alloy-metrics,series
2025-07-05 22:53:05,705,prometheus_wal_watcher_records_read_total,prometheus.remote_write.default,/,e4de65,alloy:8080,alloy-metrics,series
2025-07-05 23:04:05,706,prometheus_wal_watcher_records_read_total,prometheus.remote_write.default,/,e4de65,alloy:8080,alloy-metrics,series
2025-07-05 23:05:05,708,prometheus_wal_watcher_records_read_total,prometheus.remote_write.default,/,e4de65,alloy:8080,alloy-metrics,series
2025-07-05 23:06:05,708,prometheus_wal_watcher_records_read_total,prometheus.remote_write.default,/,e4de65,alloy:8080,alloy-metrics,series
2025-07-05 23:07:05,708,prometheus_wal_watcher_records_read_total,prometheus.remote_write.default,/,e4de65,alloy:8080,alloy-metrics,series
2025-07-05 23:08:05,708,prometheus_wal_watcher_records_read_total,prometheus.remote_write.default,/,e4de65,alloy:8080,alloy-metrics,series
2025-07-05 23:09:05,708,prometheus_wal_watcher_records_read_total,prometheus.remote_write.default,/,e4de65,alloy:8080,alloy-metrics,series
2025-07-05 23:37:05,710,prometheus_wal_watcher_records_read_total,prometheus.remote_write.default,/,e4de65,alloy:8080,alloy-metrics,series
2025-07-05 23:38:05,710,prometheus_wal_watcher_records_read_total,prometheus.remote_write.default,/,e4de65,alloy:8080,alloy-metrics,series
2025-07-05 23:39:05,710,prometheus_wal_watcher_records_read_total,prometheus.remote_write.default,/,e4de65,alloy:8080,alloy-metrics,series
2025-07-05 23:40:05,710,prometheus_wal_watcher_records_read_total,prometheus.remote_write.default,/,e4de65,alloy:8080,alloy-metrics,series
2025-07-05 23:41:05,710,prometheus_wal_watcher_records_read_total,prometheus.remote_write.default,/,e4de65,alloy:8080,alloy-metrics,series
2025-07-05 23:45:05,710,prometheus_wal_watcher_records_read_total,prometheus.remote_write.default,/,e4de65,alloy:8080,alloy-metrics,series
2025-07-05 23:46:05,712,prometheus_wal_watcher_records_read_total,prometheus.remote_write.default,/,e4de65,alloy:8080,alloy-metrics,series
2025-07-05 23:47:05,712,prometheus_wal_watcher_records_read_total,prometheus.remote_write.default,/,e4de65,alloy:8080,alloy-metrics,series
2025-07-05 23:48:05,712,prometheus_wal_watcher_records_read_total,prometheus.remote_write.default,/,e4de65,alloy:8080,alloy-metrics,series
2025-07-05 23:49:05,712,prometheus_wal_watcher_records_read_total,prometheus.remote_write.default,/,e4de65,alloy:8080,alloy-metrics,series
2025-07-05 23:50:05,712,prometheus_wal_watcher_records_read_total,prometheus.remote_write.default,/,e4de65,alloy:8080,alloy-metrics,series
2025-07-06 00:01:05,715,prometheus_wal_watcher_records_read_total,prometheus.remote_write.default,/,e4de65,alloy:8080,alloy-metrics,series
2025-07-06 00:02:05,715,prometheus_wal_watcher_records_read_total,prometheus.remote_write.default,/,e4de65,alloy:8080,alloy-metrics,series
2025-07-06 00:03:05,715,prometheus_wal_watcher_records_read_total,prometheus.remote_write.default,/,e4de65,alloy:8080,alloy-metrics,series
2025-07-06 00:04:05,715,prometheus_wal_watcher_records_read_total,prometheus.remote_write.default,/,e4de65,alloy:8080,alloy-metrics,series
2025-07-06 00:05:05,715,prometheus_wal_watcher_records_read_total,prometheus.remote_write.default,/,e4de65,alloy:8080,alloy-metrics,series
2025-07-06 00:16:05,716,prometheus_wal_watcher_records_read_total,prometheus.remote_write.default,/,e4de65,alloy:8080,alloy-metrics,series
2025-07-06 00:17:05,724,prometheus_wal_watcher_records_read_total,prometheus.remote_write.default,/,e4de65,alloy:8080,alloy-metrics,series
2025-07-06 00:18:05,724,prometheus_wal_watcher_records_read_total,prometheus.remote_write.default,/,e4de65,alloy:8080,alloy-metrics,series
2025-07-06 00:19:05,724,prometheus_wal_watcher_records_read_total,prometheus.remote_write.default,/,e4de65,alloy:8080,alloy-metrics,series
2025-07-06 00:20:05,724,prometheus_wal_watcher_records_read_total,prometheus.remote_write.default,/,e4de65,alloy:8080,alloy-metrics,series
2025-07-06 00:21:05,724,prometheus_wal_watcher_records_read_total,prometheus.remote_write.default,/,e4de65,alloy:8080,alloy-metrics,series
2025-07-06 00:32:05,732,prometheus_wal_watcher_records_read_total,prometheus.remote_write.default,/,e4de65,alloy:8080,alloy-metrics,series
2025-07-06 00:33:05,732,prometheus_wal_watcher_records_read_total,prometheus.remote_write.default,/,e4de65,alloy:8080,alloy-metrics,series
2025-07-06 00:34:05,732,prometheus_wal_watcher_records_read_total,prometheus.remote_write.default,/,e4de65,alloy:8080,alloy-metrics,series
2025-07-06 00:35:05,732,prometheus_wal_watcher_records_read_total,prometheus.remote_write.default,/,e4de65,alloy:8080,alloy-metrics,series
2025-07-06 00:36:05,732,prometheus_wal_watcher_records_read_total,prometheus.remote_write.default,/,e4de65,alloy:8080,alloy-metrics,series
2025-07-06 00:46:05,733,prometheus_wal_watcher_records_read_total,prometheus.remote_write.default,/,e4de65,alloy:8080,alloy-metrics,series
2025-07-06 00:47:05,736,prometheus_wal_watcher_records_read_total,prometheus.remote_write.default,/,e4de65,alloy:8080,alloy-metrics,series
2025-07-06 00:48:05,736,prometheus_wal_watcher_records_read_total,prometheus.remote_write.default,/,e4de65,alloy:8080,alloy-metrics,series
2025-07-06 00:49:05,736,prometheus_wal_watcher_records_read_total,prometheus.remote_write.default,/,e4de65,alloy:8080,alloy-metrics,series
2025-07-06 00:50:05,736,prometheus_wal_watcher_records_read_total,prometheus.remote_write.default,/,e4de65,alloy:8080,alloy-metrics,series
2025-07-06 00:51:05,736,prometheus_wal_watcher_records_read_total,prometheus.remote_write.default,/,e4de65,alloy:8080,alloy-metrics,series
2025-07-06 01:02:05,738,prometheus_wal_watcher_records_read_total,prometheus.remote_write.default,/,e4de65,alloy:8080,alloy-metrics,series
2025-07-06 01:03:05,738,prometheus_wal_watcher_records_read_total,prometheus.remote_write.default,/,e4de65,alloy:8080,alloy-metrics,series
2025-07-06 01:04:05,738,prometheus_wal_watcher_records_read_total,prometheus.remote_write.default,/,e4de65,alloy:8080,alloy-metrics,series
2025-07-06 01:05:05,738,prometheus_wal_watcher_records_read_total,prometheus.remote_write.default,/,e4de65,alloy:8080,alloy-metrics,series
2025-07-06 01:06:05,738,prometheus_wal_watcher_records_read_total,prometheus.remote_write.default,/,e4de65,alloy:8080,alloy-metrics,series
2025-07-06 01:18:05,742,prometheus_wal_watcher_records_read_total,prometheus.remote_write.default,/,e4de65,alloy:8080,alloy-metrics,series
2025-07-06 01:19:05,742,prometheus_wal_watcher_records_read_total,prometheus.remote_write.default,/,e4de65,alloy:8080,alloy-metrics,series
2025-07-06 01:20:05,742,prometheus_wal_watcher_records_read_total,prometheus.remote_write.default,/,e4de65,alloy:8080,alloy-metrics,series
2025-07-06 01:21:05,742,prometheus_wal_watcher_records_read_total,prometheus.remote_write.default,/,e4de65,alloy:8080,alloy-metrics,series
2025-07-06 01:22:05,742,prometheus_wal_watcher_records_read_total,prometheus.remote_write.default,/,e4de65,alloy:8080,alloy-metrics,series
2025-07-06 01:33:05,747,prometheus_wal_watcher_records_read_total,prometheus.remote_write.default,/,e4de65,alloy:8080,alloy-metrics,series
2025-07-06 01:34:05,747,prometheus_wal_watcher_records_read_total,prometheus.remote_write.default,/,e4de65,alloy:8080,alloy-metrics,series
2025-07-06 01:35:05,747,prometheus_wal_watcher_records_read_total,prometheus.remote_write.default,/,e4de65,alloy:8080,alloy-metrics,series
2025-07-06 01:36:05,747,prometheus_wal_watcher_records_read_total,prometheus.remote_write.default,/,e4de65,alloy:8080,alloy-metrics,series
2025-07-06 01:37:05,747,prometheus_wal_watcher_records_read_total,prometheus.remote_write.default,/,e4de65,alloy:8080,alloy-metrics,series
2025-07-06 01:48:05,751,prometheus_wal_watcher_records_read_total,prometheus.remote_write.default,/,e4de65,alloy:8080,alloy-metrics,series
2025-07-06 01:49:05,751,prometheus_wal_watcher_records_read_total,prometheus.remote_write.default,/,e4de65,alloy:8080,alloy-metrics,series
2025-07-06 01:50:05,751,prometheus_wal_watcher_records_read_total,prometheus.remote_write.default,/,e4de65,alloy:8080,alloy-metrics,series
2025-07-06 01:51:05,751,prometheus_wal_watcher_records_read_total,prometheus.remote_write.default,/,e4de65,alloy:8080,alloy-metrics,series
2025-07-06 01:52:05,751,prometheus_wal_watcher_records_read_total,prometheus.remote_write.default,/,e4de65,alloy:8080,alloy-metrics,series
2025-07-06 02:03:05,753,prometheus_wal_watcher_records_read_total,prometheus.remote_write.default,/,e4de65,alloy:8080,alloy-metrics,series
2025-07-06 02:04:05,753,prometheus_wal_watcher_records_read_total,prometheus.remote_write.default,/,e4de65,alloy:8080,alloy-metrics,series
2025-07-06 02:05:05,753,prometheus_wal_watcher_records_read_total,prometheus.remote_write.default,/,e4de65,alloy:8080,alloy-metrics,series
2025-07-06 02:06:05,753,prometheus_wal_watcher_records_read_total,prometheus.remote_write.default,/,e4de65,alloy:8080,alloy-metrics,series
2025-07-06 02:07:05,753,prometheus_wal_watcher_records_read_total,prometheus.remote_write.default,/,e4de65,alloy:8080,alloy-metrics,series
2025-07-06 02:34:05,756,prometheus_wal_watcher_records_read_total,prometheus.remote_write.default,/,e4de65,alloy:8080,alloy-metrics,series
2025-07-06 02:35:05,756,prometheus_wal_watcher_records_read_total,prometheus.remote_write.default,/,e4de65,alloy:8080,alloy-metrics,series
2025-07-06 02:36:05,756,prometheus_wal_watcher_records_read_total,prometheus.remote_write.default,/,e4de65,alloy:8080,alloy-metrics,series
2025-07-06 02:37:05,756,prometheus_wal_watcher_records_read_total,prometheus.remote_write.default,/,e4de65,alloy:8080,alloy-metrics,series
2025-07-06 02:38:05,756,prometheus_wal_watcher_records_read_total,prometheus.remote_write.default,/,e4de65,alloy:8080,alloy-metrics,series
2025-07-06 02:49:05,760,prometheus_wal_watcher_records_read_total,prometheus.remote_write.default,/,e4de65,alloy:8080,alloy-metrics,series
2025-07-06 02:50:05,760,prometheus_wal_watcher_records_read_total,prometheus.remote_write.default,/,e4de65,alloy:8080,alloy-metrics,series
2025-07-06 02:51:05,760,prometheus_wal_watcher_records_read_total,prometheus.remote_write.default,/,e4de65,alloy:8080,alloy-metrics,series
2025-07-06 02:52:05,760,prometheus_wal_watcher_records_read_total,prometheus.remote_write.default,/,e4de65,alloy:8080,alloy-metrics,series
2025-07-06 02:53:05,760,prometheus_wal_watcher_records_read_total,prometheus.remote_write.default,/,e4de65,alloy:8080,alloy-metrics,series
2025-07-06 03:07:05,763,prometheus_wal_watcher_records_read_total,prometheus.remote_write.default,/,e4de65,alloy:8080,alloy-metrics,series
2025-07-06 03:08:05,763,prometheus_wal_watcher_records_read_total,prometheus.remote_write.default,/,e4de65,alloy:8080,alloy-metrics,series
2025-07-06 03:09:05,763,prometheus_wal_watcher_records_read_total,prometheus.remote_write.default,/,e4de65,alloy:8080,alloy-metrics,series
2025-07-06 03:10:05,763,prometheus_wal_watcher_records_read_total,prometheus.remote_write.default,/,e4de65,alloy:8080,alloy-metrics,series
2025-07-06 03:11:05,763,prometheus_wal_watcher_records_read_total,prometheus.remote_write.default,/,e4de65,alloy:8080,alloy-metrics,series
2025-07-06 03:24:05,764,prometheus_wal_watcher_records_read_total,prometheus.remote_write.default,/,e4de65,alloy:8080,alloy-metrics,series
2025-07-06 03:25:05,765,prometheus_wal_watcher_records_read_total,prometheus.remote_write.default,/,e4de65,alloy:8080,alloy-metrics,series
2025-07-06 03:26:05,765,prometheus_wal_watcher_records_read_total,prometheus.remote_write.default,/,e4de65,alloy:8080,alloy-metrics,series
2025-07-06 03:27:05,765,prometheus_wal_watcher_records_read_total,prometheus.remote_write.default,/,e4de65,alloy:8080,alloy-metrics,series
2025-07-06 03:28:05,765,prometheus_wal_watcher_records_read_total,prometheus.remote_write.default,/,e4de65,alloy:8080,alloy-metrics,series
2025-07-06 03:29:05,765,prometheus_wal_watcher_records_read_total,prometheus.remote_write.default,/,e4de65,alloy:8080,alloy-metrics,series
2025-07-06 03:41:05,769,prometheus_wal_watcher_records_read_total,prometheus.remote_write.default,/,e4de65,alloy:8080,alloy-metrics,series
2025-07-06 03:42:05,770,prometheus_wal_watcher_records_read_total,prometheus.remote_write.default,/,e4de65,alloy:8080,alloy-metrics,series
2025-07-06 03:43:05,770,prometheus_wal_watcher_records_read_total,prometheus.remote_write.default,/,e4de65,alloy:8080,alloy-metrics,series
2025-07-06 03:44:05,770,prometheus_wal_watcher_records_read_total,prometheus.remote_write.default,/,e4de65,alloy:8080,alloy-metrics,series
2025-07-06 03:45:05,770,prometheus_wal_watcher_records_read_total,prometheus.remote_write.default,/,e4de65,alloy:8080,alloy-metrics,series
2025-07-06 03:46:05,770,prometheus_wal_watcher_records_read_total,prometheus.remote_write.default,/,e4de65,alloy:8080,alloy-metrics,series
2025-07-06 03:50:05,775,prometheus_wal_watcher_records_read_total,prometheus.remote_write.default,/,e4de65,alloy:8080,alloy-metrics,series
2025-07-06 03:51:05,775,prometheus_wal_watcher_records_read_total,prometheus.remote_write.default,/,e4de65,alloy:8080,alloy-metrics,series
2025-07-06 03:52:05,775,prometheus_wal_watcher_records_read_total,prometheus.remote_write.default,/,e4de65,alloy:8080,alloy-metrics,series
2025-07-06 03:53:05,775,prometheus_wal_watcher_records_read_total,prometheus.remote_write.default,/,e4de65,alloy:8080,alloy-metrics,series
2025-07-06 03:54:05,775,prometheus_wal_watcher_records_read_total,prometheus.remote_write.default,/,e4de65,alloy:8080,alloy-metrics,series
2025-07-06 04:05:05,778,prometheus_wal_watcher_records_read_total,prometheus.remote_write.default,/,e4de65,alloy:8080,alloy-metrics,series
2025-07-06 04:06:05,778,prometheus_wal_watcher_records_read_total,prometheus.remote_write.default,/,e4de65,alloy:8080,alloy-metrics,series
2025-07-06 04:07:05,778,prometheus_wal_watcher_records_read_total,prometheus.remote_write.default,/,e4de65,alloy:8080,alloy-metrics,series
2025-07-06 04:08:05,778,prometheus_wal_watcher_records_read_total,prometheus.remote_write.default,/,e4de65,alloy:8080,alloy-metrics,series
2025-07-06 04:09:05,778,prometheus_wal_watcher_records_read_total,prometheus.remote_write.default,/,e4de65,alloy:8080,alloy-metrics,series
2025-07-06 04:23:05,782,prometheus_wal_watcher_records_read_total,prometheus.remote_write.default,/,e4de65,alloy:8080,alloy-metrics,series
2025-07-06 04:24:05,782,prometheus_wal_watcher_records_read_total,prometheus.remote_write.default,/,e4de65,alloy:8080,alloy-metrics,series
2025-07-06 04:25:05,782,prometheus_wal_watcher_records_read_total,prometheus.remote_write.default,/,e4de65,alloy:8080,alloy-metrics,series
2025-07-06 04:26:05,782,prometheus_wal_watcher_records_read_total,prometheus.remote_write.default,/,e4de65,alloy:8080,alloy-metrics,series
2025-07-06 04:27:05,782,prometheus_wal_watcher_records_read_total,prometheus.remote_write.default,/,e4de65,alloy:8080,alloy-metrics,series
2025-07-06 04:41:05,785,prometheus_wal_watcher_records_read_total,prometheus.remote_write.default,/,e4de65,alloy:8080,alloy-metrics,series
2025-07-06 04:42:05,785,prometheus_wal_watcher_records_read_total,prometheus.remote_write.default,/,e4de65,alloy:8080,alloy-metrics,series
2025-07-06 04:43:05,785,prometheus_wal_watcher_records_read_total,prometheus.remote_write.default,/,e4de65,alloy:8080,alloy-metrics,series
