timestamp,value,metric_name,component_id,component_path,host,instance,job,status_code
2025-07-05 07:17:44,0.0935302519999999,loki_write_request_duration_seconds_sum,loki.write.default,/,loki:3100,alloy:8080,alloy-metrics,204
2025-07-05 07:18:44,0.1959672119999999,loki_write_request_duration_seconds_sum,loki.write.default,/,loki:3100,alloy:8080,alloy-metrics,204
2025-07-05 07:19:44,0.2777117129999999,loki_write_request_duration_seconds_sum,loki.write.default,/,loki:3100,alloy:8080,alloy-metrics,204
2025-07-05 07:20:44,0.366462089,loki_write_request_duration_seconds_sum,loki.write.default,/,loki:3100,alloy:8080,alloy-metrics,204
2025-07-05 07:21:44,0.443538923,loki_write_request_duration_seconds_sum,loki.write.default,/,loki:3100,alloy:8080,alloy-metrics,204
2025-07-05 07:22:44,0.518206505,loki_write_request_duration_seconds_sum,loki.write.default,/,loki:3100,alloy:8080,alloy-metrics,204
2025-07-05 07:23:44,0.60302767,loki_write_request_duration_seconds_sum,loki.write.default,/,loki:3100,alloy:8080,alloy-metrics,204
2025-07-05 07:24:44,0.6863669219999998,loki_write_request_duration_seconds_sum,loki.write.default,/,loki:3100,alloy:8080,alloy-metrics,204
2025-07-05 07:25:44,0.7682385019999995,loki_write_request_duration_seconds_sum,loki.write.default,/,loki:3100,alloy:8080,alloy-metrics,204
2025-07-05 07:26:44,0.8304112539999997,loki_write_request_duration_seconds_sum,loki.write.default,/,loki:3100,alloy:8080,alloy-metrics,204
2025-07-05 07:27:44,0.8807565419999999,loki_write_request_duration_seconds_sum,loki.write.default,/,loki:3100,alloy:8080,alloy-metrics,204
2025-07-05 07:28:44,0.9236874559999996,loki_write_request_duration_seconds_sum,loki.write.default,/,loki:3100,alloy:8080,alloy-metrics,204
2025-07-05 07:29:44,1.0363597049999995,loki_write_request_duration_seconds_sum,loki.write.default,/,loki:3100,alloy:8080,alloy-metrics,204
2025-07-05 07:30:44,1.0790170339999996,loki_write_request_duration_seconds_sum,loki.write.default,/,loki:3100,alloy:8080,alloy-metrics,204
2025-07-05 07:31:44,1.1144856539999992,loki_write_request_duration_seconds_sum,loki.write.default,/,loki:3100,alloy:8080,alloy-metrics,204
2025-07-05 07:32:44,1.1550736979999996,loki_write_request_duration_seconds_sum,loki.write.default,/,loki:3100,alloy:8080,alloy-metrics,204
2025-07-05 07:33:44,1.1965776129999992,loki_write_request_duration_seconds_sum,loki.write.default,/,loki:3100,alloy:8080,alloy-metrics,204
2025-07-05 07:34:44,1.2342966149999994,loki_write_request_duration_seconds_sum,loki.write.default,/,loki:3100,alloy:8080,alloy-metrics,204
2025-07-05 07:35:44,1.2871214110000009,loki_write_request_duration_seconds_sum,loki.write.default,/,loki:3100,alloy:8080,alloy-metrics,204
2025-07-05 07:36:44,1.3286998340000005,loki_write_request_duration_seconds_sum,loki.write.default,/,loki:3100,alloy:8080,alloy-metrics,204
2025-07-05 07:37:44,1.370004917,loki_write_request_duration_seconds_sum,loki.write.default,/,loki:3100,alloy:8080,alloy-metrics,204
2025-07-05 07:38:44,1.413529004,loki_write_request_duration_seconds_sum,loki.write.default,/,loki:3100,alloy:8080,alloy-metrics,204
2025-07-05 07:39:44,1.4482231300000004,loki_write_request_duration_seconds_sum,loki.write.default,/,loki:3100,alloy:8080,alloy-metrics,204
2025-07-05 07:40:44,1.4881918390000004,loki_write_request_duration_seconds_sum,loki.write.default,/,loki:3100,alloy:8080,alloy-metrics,204
2025-07-05 07:41:44,1.520797587,loki_write_request_duration_seconds_sum,loki.write.default,/,loki:3100,alloy:8080,alloy-metrics,204
2025-07-05 07:42:44,1.558778168,loki_write_request_duration_seconds_sum,loki.write.default,/,loki:3100,alloy:8080,alloy-metrics,204
2025-07-05 07:43:44,1.613406085,loki_write_request_duration_seconds_sum,loki.write.default,/,loki:3100,alloy:8080,alloy-metrics,204
2025-07-05 07:44:44,1.6790267090000002,loki_write_request_duration_seconds_sum,loki.write.default,/,loki:3100,alloy:8080,alloy-metrics,204
2025-07-05 07:45:44,1.7429909579999996,loki_write_request_duration_seconds_sum,loki.write.default,/,loki:3100,alloy:8080,alloy-metrics,204
2025-07-05 07:46:44,1.812138623,loki_write_request_duration_seconds_sum,loki.write.default,/,loki:3100,alloy:8080,alloy-metrics,204
2025-07-05 07:47:44,1.922557086,loki_write_request_duration_seconds_sum,loki.write.default,/,loki:3100,alloy:8080,alloy-metrics,204
2025-07-05 07:48:44,2.002605333,loki_write_request_duration_seconds_sum,loki.write.default,/,loki:3100,alloy:8080,alloy-metrics,204
2025-07-05 07:49:44,2.057995749000001,loki_write_request_duration_seconds_sum,loki.write.default,/,loki:3100,alloy:8080,alloy-metrics,204
2025-07-05 07:50:44,2.1308812509999995,loki_write_request_duration_seconds_sum,loki.write.default,/,loki:3100,alloy:8080,alloy-metrics,204
2025-07-05 07:51:44,2.1793145009999995,loki_write_request_duration_seconds_sum,loki.write.default,/,loki:3100,alloy:8080,alloy-metrics,204
2025-07-05 07:52:44,2.2461404989999996,loki_write_request_duration_seconds_sum,loki.write.default,/,loki:3100,alloy:8080,alloy-metrics,204
2025-07-05 07:53:44,2.288981831,loki_write_request_duration_seconds_sum,loki.write.default,/,loki:3100,alloy:8080,alloy-metrics,204
2025-07-05 07:54:44,2.348131744000001,loki_write_request_duration_seconds_sum,loki.write.default,/,loki:3100,alloy:8080,alloy-metrics,204
2025-07-05 07:55:44,2.420388744999999,loki_write_request_duration_seconds_sum,loki.write.default,/,loki:3100,alloy:8080,alloy-metrics,204
2025-07-05 07:56:44,2.4923990339999995,loki_write_request_duration_seconds_sum,loki.write.default,/,loki:3100,alloy:8080,alloy-metrics,204
2025-07-05 07:57:44,2.5317958220000003,loki_write_request_duration_seconds_sum,loki.write.default,/,loki:3100,alloy:8080,alloy-metrics,204
2025-07-05 07:58:44,2.574091361999998,loki_write_request_duration_seconds_sum,loki.write.default,/,loki:3100,alloy:8080,alloy-metrics,204
2025-07-05 07:59:44,2.610210401999998,loki_write_request_duration_seconds_sum,loki.write.default,/,loki:3100,alloy:8080,alloy-metrics,204
2025-07-05 08:00:44,2.652101699999999,loki_write_request_duration_seconds_sum,loki.write.default,/,loki:3100,alloy:8080,alloy-metrics,204
2025-07-05 08:01:44,2.7014960359999987,loki_write_request_duration_seconds_sum,loki.write.default,/,loki:3100,alloy:8080,alloy-metrics,204
2025-07-05 08:02:44,2.7416599129999986,loki_write_request_duration_seconds_sum,loki.write.default,/,loki:3100,alloy:8080,alloy-metrics,204
2025-07-05 08:03:44,2.787052330999999,loki_write_request_duration_seconds_sum,loki.write.default,/,loki:3100,alloy:8080,alloy-metrics,204
2025-07-05 08:04:44,2.860572871999999,loki_write_request_duration_seconds_sum,loki.write.default,/,loki:3100,alloy:8080,alloy-metrics,204
2025-07-05 08:05:44,2.928540624,loki_write_request_duration_seconds_sum,loki.write.default,/,loki:3100,alloy:8080,alloy-metrics,204
2025-07-05 08:06:44,3.0079385439999986,loki_write_request_duration_seconds_sum,loki.write.default,/,loki:3100,alloy:8080,alloy-metrics,204
2025-07-05 08:07:44,3.088798587,loki_write_request_duration_seconds_sum,loki.write.default,/,loki:3100,alloy:8080,alloy-metrics,204
2025-07-05 08:08:44,3.130582878999999,loki_write_request_duration_seconds_sum,loki.write.default,/,loki:3100,alloy:8080,alloy-metrics,204
2025-07-05 08:09:44,3.2122132530000003,loki_write_request_duration_seconds_sum,loki.write.default,/,loki:3100,alloy:8080,alloy-metrics,204
2025-07-05 08:10:44,3.257572507,loki_write_request_duration_seconds_sum,loki.write.default,/,loki:3100,alloy:8080,alloy-metrics,204
2025-07-05 08:11:44,3.2963683380000015,loki_write_request_duration_seconds_sum,loki.write.default,/,loki:3100,alloy:8080,alloy-metrics,204
2025-07-05 08:12:44,3.3429937950000017,loki_write_request_duration_seconds_sum,loki.write.default,/,loki:3100,alloy:8080,alloy-metrics,204
2025-07-05 08:13:44,3.407079545000001,loki_write_request_duration_seconds_sum,loki.write.default,/,loki:3100,alloy:8080,alloy-metrics,204
2025-07-05 08:14:44,3.569563464000002,loki_write_request_duration_seconds_sum,loki.write.default,/,loki:3100,alloy:8080,alloy-metrics,204
2025-07-05 08:15:44,3.6191743780000025,loki_write_request_duration_seconds_sum,loki.write.default,/,loki:3100,alloy:8080,alloy-metrics,204
2025-07-05 08:16:44,3.659756588000003,loki_write_request_duration_seconds_sum,loki.write.default,/,loki:3100,alloy:8080,alloy-metrics,204
2025-07-05 08:17:44,3.7084185490000032,loki_write_request_duration_seconds_sum,loki.write.default,/,loki:3100,alloy:8080,alloy-metrics,204
2025-07-05 08:18:44,3.812740169000003,loki_write_request_duration_seconds_sum,loki.write.default,/,loki:3100,alloy:8080,alloy-metrics,204
2025-07-05 08:19:44,3.8810270440000023,loki_write_request_duration_seconds_sum,loki.write.default,/,loki:3100,alloy:8080,alloy-metrics,204
2025-07-05 08:20:44,3.9208734180000024,loki_write_request_duration_seconds_sum,loki.write.default,/,loki:3100,alloy:8080,alloy-metrics,204
2025-07-05 08:21:44,3.960605204,loki_write_request_duration_seconds_sum,loki.write.default,/,loki:3100,alloy:8080,alloy-metrics,204
2025-07-05 08:22:44,3.993703204,loki_write_request_duration_seconds_sum,loki.write.default,/,loki:3100,alloy:8080,alloy-metrics,204
2025-07-05 08:23:44,4.055094537,loki_write_request_duration_seconds_sum,loki.write.default,/,loki:3100,alloy:8080,alloy-metrics,204
2025-07-05 08:24:44,4.1165078730000015,loki_write_request_duration_seconds_sum,loki.write.default,/,loki:3100,alloy:8080,alloy-metrics,204
2025-07-05 08:25:44,4.152294042,loki_write_request_duration_seconds_sum,loki.write.default,/,loki:3100,alloy:8080,alloy-metrics,204
2025-07-05 08:26:44,4.185914081999999,loki_write_request_duration_seconds_sum,loki.write.default,/,loki:3100,alloy:8080,alloy-metrics,204
2025-07-05 08:27:44,4.218033121999998,loki_write_request_duration_seconds_sum,loki.write.default,/,loki:3100,alloy:8080,alloy-metrics,204
2025-07-05 08:28:44,4.263441832999997,loki_write_request_duration_seconds_sum,loki.write.default,/,loki:3100,alloy:8080,alloy-metrics,204
2025-07-05 08:29:44,4.329227298999998,loki_write_request_duration_seconds_sum,loki.write.default,/,loki:3100,alloy:8080,alloy-metrics,204
2025-07-05 08:30:44,4.422697087999996,loki_write_request_duration_seconds_sum,loki.write.default,/,loki:3100,alloy:8080,alloy-metrics,204
2025-07-05 08:31:44,4.465379751999997,loki_write_request_duration_seconds_sum,loki.write.default,/,loki:3100,alloy:8080,alloy-metrics,204
2025-07-05 08:32:44,4.505313462999994,loki_write_request_duration_seconds_sum,loki.write.default,/,loki:3100,alloy:8080,alloy-metrics,204
2025-07-05 08:33:44,4.550351716999992,loki_write_request_duration_seconds_sum,loki.write.default,/,loki:3100,alloy:8080,alloy-metrics,204
2025-07-05 08:34:44,4.610371966999992,loki_write_request_duration_seconds_sum,loki.write.default,/,loki:3100,alloy:8080,alloy-metrics,204
2025-07-05 08:35:44,4.695075675999991,loki_write_request_duration_seconds_sum,loki.write.default,/,loki:3100,alloy:8080,alloy-metrics,204
2025-07-05 08:36:44,4.741242051999995,loki_write_request_duration_seconds_sum,loki.write.default,/,loki:3100,alloy:8080,alloy-metrics,204
2025-07-05 08:37:44,4.785051800999994,loki_write_request_duration_seconds_sum,loki.write.default,/,loki:3100,alloy:8080,alloy-metrics,204
2025-07-05 08:38:44,4.836795676999992,loki_write_request_duration_seconds_sum,loki.write.default,/,loki:3100,alloy:8080,alloy-metrics,204
2025-07-05 08:39:44,4.8999385079999955,loki_write_request_duration_seconds_sum,loki.write.default,/,loki:3100,alloy:8080,alloy-metrics,204
2025-07-05 08:40:44,4.976444091999996,loki_write_request_duration_seconds_sum,loki.write.default,/,loki:3100,alloy:8080,alloy-metrics,204
2025-07-05 08:41:44,5.066127423999997,loki_write_request_duration_seconds_sum,loki.write.default,/,loki:3100,alloy:8080,alloy-metrics,204
2025-07-05 08:42:44,5.120977670000002,loki_write_request_duration_seconds_sum,loki.write.default,/,loki:3100,alloy:8080,alloy-metrics,204
2025-07-05 08:43:44,5.181954881,loki_write_request_duration_seconds_sum,loki.write.default,/,loki:3100,alloy:8080,alloy-metrics,204
2025-07-05 08:44:44,5.251668633,loki_write_request_duration_seconds_sum,loki.write.default,/,loki:3100,alloy:8080,alloy-metrics,204
2025-07-05 08:45:44,5.298136552000001,loki_write_request_duration_seconds_sum,loki.write.default,/,loki:3100,alloy:8080,alloy-metrics,204
2025-07-05 08:46:44,5.356305135000002,loki_write_request_duration_seconds_sum,loki.write.default,/,loki:3100,alloy:8080,alloy-metrics,204
2025-07-05 08:47:44,5.431832178000001,loki_write_request_duration_seconds_sum,loki.write.default,/,loki:3100,alloy:8080,alloy-metrics,204
2025-07-05 08:48:44,5.493047595000002,loki_write_request_duration_seconds_sum,loki.write.default,/,loki:3100,alloy:8080,alloy-metrics,204
2025-07-05 08:49:44,5.542629677999999,loki_write_request_duration_seconds_sum,loki.write.default,/,loki:3100,alloy:8080,alloy-metrics,204
2025-07-05 08:50:44,5.602384805000002,loki_write_request_duration_seconds_sum,loki.write.default,/,loki:3100,alloy:8080,alloy-metrics,204
2025-07-05 08:51:44,5.669005097,loki_write_request_duration_seconds_sum,loki.write.default,/,loki:3100,alloy:8080,alloy-metrics,204
2025-07-05 08:52:44,5.714086929,loki_write_request_duration_seconds_sum,loki.write.default,/,loki:3100,alloy:8080,alloy-metrics,204
2025-07-05 08:53:44,5.8541261009999985,loki_write_request_duration_seconds_sum,loki.write.default,/,loki:3100,alloy:8080,alloy-metrics,204
2025-07-05 08:54:44,5.933542683,loki_write_request_duration_seconds_sum,loki.write.default,/,loki:3100,alloy:8080,alloy-metrics,204
2025-07-05 08:55:44,6.010300223999999,loki_write_request_duration_seconds_sum,loki.write.default,/,loki:3100,alloy:8080,alloy-metrics,204
2025-07-05 08:56:44,6.083437805,loki_write_request_duration_seconds_sum,loki.write.default,/,loki:3100,alloy:8080,alloy-metrics,204
2025-07-05 08:57:44,6.166326098000001,loki_write_request_duration_seconds_sum,loki.write.default,/,loki:3100,alloy:8080,alloy-metrics,204
2025-07-05 08:58:44,6.240442061000002,loki_write_request_duration_seconds_sum,loki.write.default,/,loki:3100,alloy:8080,alloy-metrics,204
2025-07-05 08:59:44,6.302849685000001,loki_write_request_duration_seconds_sum,loki.write.default,/,loki:3100,alloy:8080,alloy-metrics,204
2025-07-05 09:00:44,6.45770577,loki_write_request_duration_seconds_sum,loki.write.default,/,loki:3100,alloy:8080,alloy-metrics,204
2025-07-05 09:01:44,6.504423812000001,loki_write_request_duration_seconds_sum,loki.write.default,/,loki:3100,alloy:8080,alloy-metrics,204
2025-07-05 09:02:44,6.544067519000003,loki_write_request_duration_seconds_sum,loki.write.default,/,loki:3100,alloy:8080,alloy-metrics,204
2025-07-05 09:03:44,6.601891144000003,loki_write_request_duration_seconds_sum,loki.write.default,/,loki:3100,alloy:8080,alloy-metrics,204
2025-07-05 09:04:44,6.697303519000002,loki_write_request_duration_seconds_sum,loki.write.default,/,loki:3100,alloy:8080,alloy-metrics,204
2025-07-05 09:05:44,6.7556391440000025,loki_write_request_duration_seconds_sum,loki.write.default,/,loki:3100,alloy:8080,alloy-metrics,204
2025-07-05 09:06:44,6.908509102999997,loki_write_request_duration_seconds_sum,loki.write.default,/,loki:3100,alloy:8080,alloy-metrics,204
2025-07-05 09:07:44,6.979609306999999,loki_write_request_duration_seconds_sum,loki.write.default,/,loki:3100,alloy:8080,alloy-metrics,204
2025-07-05 09:08:44,7.049392885999998,loki_write_request_duration_seconds_sum,loki.write.default,/,loki:3100,alloy:8080,alloy-metrics,204
2025-07-05 09:09:44,7.098725800999998,loki_write_request_duration_seconds_sum,loki.write.default,/,loki:3100,alloy:8080,alloy-metrics,204
2025-07-05 09:10:44,7.153424633999997,loki_write_request_duration_seconds_sum,loki.write.default,/,loki:3100,alloy:8080,alloy-metrics,204
2025-07-05 09:11:44,7.210356304000001,loki_write_request_duration_seconds_sum,loki.write.default,/,loki:3100,alloy:8080,alloy-metrics,204
2025-07-05 09:12:44,7.264506175000001,loki_write_request_duration_seconds_sum,loki.write.default,/,loki:3100,alloy:8080,alloy-metrics,204
2025-07-05 09:13:44,7.350104255000001,loki_write_request_duration_seconds_sum,loki.write.default,/,loki:3100,alloy:8080,alloy-metrics,204
2025-07-05 09:14:44,7.397342543000001,loki_write_request_duration_seconds_sum,loki.write.default,/,loki:3100,alloy:8080,alloy-metrics,204
2025-07-05 09:15:44,7.443105711000002,loki_write_request_duration_seconds_sum,loki.write.default,/,loki:3100,alloy:8080,alloy-metrics,204
2025-07-05 09:16:44,7.685072546000001,loki_write_request_duration_seconds_sum,loki.write.default,/,loki:3100,alloy:8080,alloy-metrics,204
2025-07-05 09:17:44,7.793117791,loki_write_request_duration_seconds_sum,loki.write.default,/,loki:3100,alloy:8080,alloy-metrics,204
2025-07-05 09:18:44,7.869032666999999,loki_write_request_duration_seconds_sum,loki.write.default,/,loki:3100,alloy:8080,alloy-metrics,204
2025-07-05 09:19:44,7.9182746619999955,loki_write_request_duration_seconds_sum,loki.write.default,/,loki:3100,alloy:8080,alloy-metrics,204
2025-07-05 09:20:44,7.970071325999992,loki_write_request_duration_seconds_sum,loki.write.default,/,loki:3100,alloy:8080,alloy-metrics,204
2025-07-05 09:21:44,8.017732404999993,loki_write_request_duration_seconds_sum,loki.write.default,/,loki:3100,alloy:8080,alloy-metrics,204
2025-07-05 09:22:44,8.081938283999994,loki_write_request_duration_seconds_sum,loki.write.default,/,loki:3100,alloy:8080,alloy-metrics,204
2025-07-05 09:23:44,8.137363160999996,loki_write_request_duration_seconds_sum,loki.write.default,/,loki:3100,alloy:8080,alloy-metrics,204
2025-07-05 09:24:44,8.234148077999993,loki_write_request_duration_seconds_sum,loki.write.default,/,loki:3100,alloy:8080,alloy-metrics,204
2025-07-05 09:25:44,8.311775914,loki_write_request_duration_seconds_sum,loki.write.default,/,loki:3100,alloy:8080,alloy-metrics,204
2025-07-05 09:26:44,8.393424871,loki_write_request_duration_seconds_sum,loki.write.default,/,loki:3100,alloy:8080,alloy-metrics,204
2025-07-05 09:27:44,8.465189074000001,loki_write_request_duration_seconds_sum,loki.write.default,/,loki:3100,alloy:8080,alloy-metrics,204
2025-07-05 09:28:44,8.498364404999998,loki_write_request_duration_seconds_sum,loki.write.default,/,loki:3100,alloy:8080,alloy-metrics,204
2025-07-05 09:29:44,8.545690820999996,loki_write_request_duration_seconds_sum,loki.write.default,/,loki:3100,alloy:8080,alloy-metrics,204
2025-07-05 09:30:44,8.601027322999995,loki_write_request_duration_seconds_sum,loki.write.default,/,loki:3100,alloy:8080,alloy-metrics,204
2025-07-05 09:31:44,8.667931407999996,loki_write_request_duration_seconds_sum,loki.write.default,/,loki:3100,alloy:8080,alloy-metrics,204
2025-07-05 09:32:44,8.81827928599999,loki_write_request_duration_seconds_sum,loki.write.default,/,loki:3100,alloy:8080,alloy-metrics,204
2025-07-05 09:33:44,8.946696784999995,loki_write_request_duration_seconds_sum,loki.write.default,/,loki:3100,alloy:8080,alloy-metrics,204
2025-07-05 09:34:44,9.101318452999994,loki_write_request_duration_seconds_sum,loki.write.default,/,loki:3100,alloy:8080,alloy-metrics,204
2025-07-05 09:35:44,9.169097037999988,loki_write_request_duration_seconds_sum,loki.write.default,/,loki:3100,alloy:8080,alloy-metrics,204
2025-07-05 09:36:44,9.223451121999988,loki_write_request_duration_seconds_sum,loki.write.default,/,loki:3100,alloy:8080,alloy-metrics,204
2025-07-05 09:37:44,9.285973579999988,loki_write_request_duration_seconds_sum,loki.write.default,/,loki:3100,alloy:8080,alloy-metrics,204
2025-07-05 09:38:44,9.35452324399999,loki_write_request_duration_seconds_sum,loki.write.default,/,loki:3100,alloy:8080,alloy-metrics,204
2025-07-05 09:39:44,9.402055745999991,loki_write_request_duration_seconds_sum,loki.write.default,/,loki:3100,alloy:8080,alloy-metrics,204
2025-07-05 09:40:44,9.447814037999992,loki_write_request_duration_seconds_sum,loki.write.default,/,loki:3100,alloy:8080,alloy-metrics,204
2025-07-05 09:41:44,9.516732536999996,loki_write_request_duration_seconds_sum,loki.write.default,/,loki:3100,alloy:8080,alloy-metrics,204
2025-07-05 09:42:44,9.597675865999994,loki_write_request_duration_seconds_sum,loki.write.default,/,loki:3100,alloy:8080,alloy-metrics,204
2025-07-05 09:43:44,9.647146366999994,loki_write_request_duration_seconds_sum,loki.write.default,/,loki:3100,alloy:8080,alloy-metrics,204
2025-07-05 09:44:44,9.699053867999991,loki_write_request_duration_seconds_sum,loki.write.default,/,loki:3100,alloy:8080,alloy-metrics,204
2025-07-05 09:45:44,9.872573450999996,loki_write_request_duration_seconds_sum,loki.write.default,/,loki:3100,alloy:8080,alloy-metrics,204
2025-07-05 09:46:44,9.993501155000002,loki_write_request_duration_seconds_sum,loki.write.default,/,loki:3100,alloy:8080,alloy-metrics,204
2025-07-05 09:47:44,10.088210405000002,loki_write_request_duration_seconds_sum,loki.write.default,/,loki:3100,alloy:8080,alloy-metrics,204
2025-07-05 09:48:44,10.156546153,loki_write_request_duration_seconds_sum,loki.write.default,/,loki:3100,alloy:8080,alloy-metrics,204
2025-07-05 09:49:44,10.217116775,loki_write_request_duration_seconds_sum,loki.write.default,/,loki:3100,alloy:8080,alloy-metrics,204
2025-07-05 09:50:44,10.286855236,loki_write_request_duration_seconds_sum,loki.write.default,/,loki:3100,alloy:8080,alloy-metrics,204
2025-07-05 09:51:44,10.445190275999998,loki_write_request_duration_seconds_sum,loki.write.default,/,loki:3100,alloy:8080,alloy-metrics,204
2025-07-05 09:52:44,10.541448440000002,loki_write_request_duration_seconds_sum,loki.write.default,/,loki:3100,alloy:8080,alloy-metrics,204
2025-07-05 09:53:44,10.684150023999996,loki_write_request_duration_seconds_sum,loki.write.default,/,loki:3100,alloy:8080,alloy-metrics,204
2025-07-05 09:54:44,10.786105691999994,loki_write_request_duration_seconds_sum,loki.write.default,/,loki:3100,alloy:8080,alloy-metrics,204
2025-07-05 09:55:44,10.936349734999997,loki_write_request_duration_seconds_sum,loki.write.default,/,loki:3100,alloy:8080,alloy-metrics,204
2025-07-05 09:56:44,10.991806698999998,loki_write_request_duration_seconds_sum,loki.write.default,/,loki:3100,alloy:8080,alloy-metrics,204
2025-07-05 09:57:44,11.048020113999998,loki_write_request_duration_seconds_sum,loki.write.default,/,loki:3100,alloy:8080,alloy-metrics,204
2025-07-05 09:58:44,14.014885737999997,loki_write_request_duration_seconds_sum,loki.write.default,/,loki:3100,alloy:8080,alloy-metrics,204
2025-07-05 09:59:44,18.747507697999996,loki_write_request_duration_seconds_sum,loki.write.default,/,loki:3100,alloy:8080,alloy-metrics,204
2025-07-05 10:00:44,22.757911867999994,loki_write_request_duration_seconds_sum,loki.write.default,/,loki:3100,alloy:8080,alloy-metrics,204
2025-07-05 10:01:44,25.17510690899999,loki_write_request_duration_seconds_sum,loki.write.default,/,loki:3100,alloy:8080,alloy-metrics,204
2025-07-05 10:02:44,25.47337798899999,loki_write_request_duration_seconds_sum,loki.write.default,/,loki:3100,alloy:8080,alloy-metrics,204
2025-07-05 10:03:44,29.756583031,loki_write_request_duration_seconds_sum,loki.write.default,/,loki:3100,alloy:8080,alloy-metrics,204
2025-07-05 10:04:44,30.299262318999997,loki_write_request_duration_seconds_sum,loki.write.default,/,loki:3100,alloy:8080,alloy-metrics,204
2025-07-05 10:05:44,30.518599275999993,loki_write_request_duration_seconds_sum,loki.write.default,/,loki:3100,alloy:8080,alloy-metrics,204
2025-07-05 10:06:44,30.712429027,loki_write_request_duration_seconds_sum,loki.write.default,/,loki:3100,alloy:8080,alloy-metrics,204
2025-07-05 10:07:44,32.95375694299999,loki_write_request_duration_seconds_sum,loki.write.default,/,loki:3100,alloy:8080,alloy-metrics,204
2025-07-05 10:08:44,32.999118108000005,loki_write_request_duration_seconds_sum,loki.write.default,/,loki:3100,alloy:8080,alloy-metrics,204
2025-07-05 10:09:44,33.050938944,loki_write_request_duration_seconds_sum,loki.write.default,/,loki:3100,alloy:8080,alloy-metrics,204
2025-07-05 10:10:44,33.09475835599999,loki_write_request_duration_seconds_sum,loki.write.default,/,loki:3100,alloy:8080,alloy-metrics,204
2025-07-05 10:11:44,33.129963558999975,loki_write_request_duration_seconds_sum,loki.write.default,/,loki:3100,alloy:8080,alloy-metrics,204
2025-07-05 10:12:44,33.171381018,loki_write_request_duration_seconds_sum,loki.write.default,/,loki:3100,alloy:8080,alloy-metrics,204
2025-07-05 10:13:44,33.227015186,loki_write_request_duration_seconds_sum,loki.write.default,/,loki:3100,alloy:8080,alloy-metrics,204
2025-07-05 10:14:44,33.28193968699999,loki_write_request_duration_seconds_sum,loki.write.default,/,loki:3100,alloy:8080,alloy-metrics,204
2025-07-05 10:15:44,33.320327521999985,loki_write_request_duration_seconds_sum,loki.write.default,/,loki:3100,alloy:8080,alloy-metrics,204
2025-07-05 10:16:44,33.36828789599997,loki_write_request_duration_seconds_sum,loki.write.default,/,loki:3100,alloy:8080,alloy-metrics,204
2025-07-05 10:17:44,33.438568350999965,loki_write_request_duration_seconds_sum,loki.write.default,/,loki:3100,alloy:8080,alloy-metrics,204
2025-07-05 10:18:44,33.487412018999976,loki_write_request_duration_seconds_sum,loki.write.default,/,loki:3100,alloy:8080,alloy-metrics,204
2025-07-05 10:19:44,33.52937213999997,loki_write_request_duration_seconds_sum,loki.write.default,/,loki:3100,alloy:8080,alloy-metrics,204
2025-07-05 10:20:44,33.56725893599995,loki_write_request_duration_seconds_sum,loki.write.default,/,loki:3100,alloy:8080,alloy-metrics,204
2025-07-05 10:21:44,33.64241743499994,loki_write_request_duration_seconds_sum,loki.write.default,/,loki:3100,alloy:8080,alloy-metrics,204
2025-07-05 10:22:44,33.69865030799994,loki_write_request_duration_seconds_sum,loki.write.default,/,loki:3100,alloy:8080,alloy-metrics,204
2025-07-05 10:23:44,33.765239098999935,loki_write_request_duration_seconds_sum,loki.write.default,/,loki:3100,alloy:8080,alloy-metrics,204
2025-07-05 10:24:44,33.82186844099996,loki_write_request_duration_seconds_sum,loki.write.default,/,loki:3100,alloy:8080,alloy-metrics,204
2025-07-05 10:25:44,33.87361819299995,loki_write_request_duration_seconds_sum,loki.write.default,/,loki:3100,alloy:8080,alloy-metrics,204
2025-07-05 10:26:44,33.93631298999994,loki_write_request_duration_seconds_sum,loki.write.default,/,loki:3100,alloy:8080,alloy-metrics,204
2025-07-05 10:27:44,33.93631298999994,loki_write_request_duration_seconds_sum,loki.write.default,/,loki:3100,alloy:8080,alloy-metrics,204
2025-07-05 10:28:44,33.93631298999994,loki_write_request_duration_seconds_sum,loki.write.default,/,loki:3100,alloy:8080,alloy-metrics,204
2025-07-05 10:29:44,33.93720903199994,loki_write_request_duration_seconds_sum,loki.write.default,/,loki:3100,alloy:8080,alloy-metrics,204
2025-07-05 10:30:44,34.40610882399994,loki_write_request_duration_seconds_sum,loki.write.default,/,loki:3100,alloy:8080,alloy-metrics,204
2025-07-05 10:31:44,34.40610882399994,loki_write_request_duration_seconds_sum,loki.write.default,/,loki:3100,alloy:8080,alloy-metrics,204
2025-07-05 10:32:44,34.40610882399994,loki_write_request_duration_seconds_sum,loki.write.default,/,loki:3100,alloy:8080,alloy-metrics,204
2025-07-05 10:33:44,34.40610882399994,loki_write_request_duration_seconds_sum,loki.write.default,/,loki:3100,alloy:8080,alloy-metrics,204
2025-07-05 10:34:44,34.40610882399994,loki_write_request_duration_seconds_sum,loki.write.default,/,loki:3100,alloy:8080,alloy-metrics,204
2025-07-05 10:45:44,34.925911200999934,loki_write_request_duration_seconds_sum,loki.write.default,/,loki:3100,alloy:8080,alloy-metrics,204
2025-07-05 10:46:44,35.37118253599994,loki_write_request_duration_seconds_sum,loki.write.default,/,loki:3100,alloy:8080,alloy-metrics,204
2025-07-05 10:47:44,35.37118253599994,loki_write_request_duration_seconds_sum,loki.write.default,/,loki:3100,alloy:8080,alloy-metrics,204
2025-07-05 10:48:44,35.51728283099994,loki_write_request_duration_seconds_sum,loki.write.default,/,loki:3100,alloy:8080,alloy-metrics,204
2025-07-05 10:49:44,35.71326291599994,loki_write_request_duration_seconds_sum,loki.write.default,/,loki:3100,alloy:8080,alloy-metrics,204
2025-07-05 10:50:44,35.78631187299994,loki_write_request_duration_seconds_sum,loki.write.default,/,loki:3100,alloy:8080,alloy-metrics,204
2025-07-05 10:51:44,35.93173903299994,loki_write_request_duration_seconds_sum,loki.write.default,/,loki:3100,alloy:8080,alloy-metrics,204
2025-07-05 10:52:44,36.021887866999926,loki_write_request_duration_seconds_sum,loki.write.default,/,loki:3100,alloy:8080,alloy-metrics,204
2025-07-05 10:53:44,36.23163962099992,loki_write_request_duration_seconds_sum,loki.write.default,/,loki:3100,alloy:8080,alloy-metrics,204
2025-07-05 10:54:44,36.30684703599989,loki_write_request_duration_seconds_sum,loki.write.default,/,loki:3100,alloy:8080,alloy-metrics,204
2025-07-05 10:55:44,36.377980280999864,loki_write_request_duration_seconds_sum,loki.write.default,/,loki:3100,alloy:8080,alloy-metrics,204
2025-07-05 10:56:44,36.53273061099986,loki_write_request_duration_seconds_sum,loki.write.default,/,loki:3100,alloy:8080,alloy-metrics,204
2025-07-05 10:57:44,36.58689140399987,loki_write_request_duration_seconds_sum,loki.write.default,/,loki:3100,alloy:8080,alloy-metrics,204
2025-07-05 10:58:44,36.63768931899988,loki_write_request_duration_seconds_sum,loki.write.default,/,loki:3100,alloy:8080,alloy-metrics,204
2025-07-05 10:59:44,36.6872203989999,loki_write_request_duration_seconds_sum,loki.write.default,/,loki:3100,alloy:8080,alloy-metrics,204
2025-07-05 11:00:44,36.798057810999886,loki_write_request_duration_seconds_sum,loki.write.default,/,loki:3100,alloy:8080,alloy-metrics,204
2025-07-05 11:01:44,36.85410164899989,loki_write_request_duration_seconds_sum,loki.write.default,/,loki:3100,alloy:8080,alloy-metrics,204
2025-07-05 11:02:44,36.91337119199987,loki_write_request_duration_seconds_sum,loki.write.default,/,loki:3100,alloy:8080,alloy-metrics,204
2025-07-05 11:03:44,37.04185890299987,loki_write_request_duration_seconds_sum,loki.write.default,/,loki:3100,alloy:8080,alloy-metrics,204
2025-07-05 11:04:44,37.10686590299985,loki_write_request_duration_seconds_sum,loki.write.default,/,loki:3100,alloy:8080,alloy-metrics,204
2025-07-05 11:05:44,37.18290414399984,loki_write_request_duration_seconds_sum,loki.write.default,/,loki:3100,alloy:8080,alloy-metrics,204
2025-07-05 11:06:44,37.26314984999983,loki_write_request_duration_seconds_sum,loki.write.default,/,loki:3100,alloy:8080,alloy-metrics,204
2025-07-05 11:07:44,37.32856793499983,loki_write_request_duration_seconds_sum,loki.write.default,/,loki:3100,alloy:8080,alloy-metrics,204
2025-07-05 11:08:44,37.396428764999825,loki_write_request_duration_seconds_sum,loki.write.default,/,loki:3100,alloy:8080,alloy-metrics,204
2025-07-05 11:09:44,37.594439764999834,loki_write_request_duration_seconds_sum,loki.write.default,/,loki:3100,alloy:8080,alloy-metrics,204
2025-07-05 11:10:44,37.673975932999824,loki_write_request_duration_seconds_sum,loki.write.default,/,loki:3100,alloy:8080,alloy-metrics,204
2025-07-05 11:11:44,37.73832393199984,loki_write_request_duration_seconds_sum,loki.write.default,/,loki:3100,alloy:8080,alloy-metrics,204
2025-07-05 11:12:44,37.79421584799984,loki_write_request_duration_seconds_sum,loki.write.default,/,loki:3100,alloy:8080,alloy-metrics,204
2025-07-05 11:13:44,37.87400284699984,loki_write_request_duration_seconds_sum,loki.write.default,/,loki:3100,alloy:8080,alloy-metrics,204
2025-07-05 11:14:44,37.93501422299985,loki_write_request_duration_seconds_sum,loki.write.default,/,loki:3100,alloy:8080,alloy-metrics,204
2025-07-05 11:15:44,37.936070097999846,loki_write_request_duration_seconds_sum,loki.write.default,/,loki:3100,alloy:8080,alloy-metrics,204
2025-07-05 11:16:44,38.003721598999846,loki_write_request_duration_seconds_sum,loki.write.default,/,loki:3100,alloy:8080,alloy-metrics,204
2025-07-05 11:17:44,38.041859890999824,loki_write_request_duration_seconds_sum,loki.write.default,/,loki:3100,alloy:8080,alloy-metrics,204
2025-07-05 11:18:44,38.1258312639998,loki_write_request_duration_seconds_sum,loki.write.default,/,loki:3100,alloy:8080,alloy-metrics,204
2025-07-05 11:19:44,38.197441595999784,loki_write_request_duration_seconds_sum,loki.write.default,/,loki:3100,alloy:8080,alloy-metrics,204
2025-07-05 11:20:44,38.2596545929998,loki_write_request_duration_seconds_sum,loki.write.default,/,loki:3100,alloy:8080,alloy-metrics,204
2025-07-05 11:21:44,38.30213042699981,loki_write_request_duration_seconds_sum,loki.write.default,/,loki:3100,alloy:8080,alloy-metrics,204
2025-07-05 11:22:44,38.35408563399982,loki_write_request_duration_seconds_sum,loki.write.default,/,loki:3100,alloy:8080,alloy-metrics,204
2025-07-05 11:23:44,38.40544671399982,loki_write_request_duration_seconds_sum,loki.write.default,/,loki:3100,alloy:8080,alloy-metrics,204
2025-07-05 11:24:44,38.524625925999814,loki_write_request_duration_seconds_sum,loki.write.default,/,loki:3100,alloy:8080,alloy-metrics,204
2025-07-05 11:25:44,38.59372533999981,loki_write_request_duration_seconds_sum,loki.write.default,/,loki:3100,alloy:8080,alloy-metrics,204
2025-07-05 11:26:44,38.65628734299981,loki_write_request_duration_seconds_sum,loki.write.default,/,loki:3100,alloy:8080,alloy-metrics,204
2025-07-05 11:27:44,38.73558380499981,loki_write_request_duration_seconds_sum,loki.write.default,/,loki:3100,alloy:8080,alloy-metrics,204
2025-07-05 11:28:44,38.814713803999815,loki_write_request_duration_seconds_sum,loki.write.default,/,loki:3100,alloy:8080,alloy-metrics,204
2025-07-05 11:29:44,38.88542513799981,loki_write_request_duration_seconds_sum,loki.write.default,/,loki:3100,alloy:8080,alloy-metrics,204
2025-07-05 11:30:44,38.927699348999816,loki_write_request_duration_seconds_sum,loki.write.default,/,loki:3100,alloy:8080,alloy-metrics,204
2025-07-05 11:31:44,38.99602242999981,loki_write_request_duration_seconds_sum,loki.write.default,/,loki:3100,alloy:8080,alloy-metrics,204
2025-07-05 11:32:44,38.99602242999981,loki_write_request_duration_seconds_sum,loki.write.default,/,loki:3100,alloy:8080,alloy-metrics,204
2025-07-05 11:33:44,39.00350793099981,loki_write_request_duration_seconds_sum,loki.write.default,/,loki:3100,alloy:8080,alloy-metrics,204
2025-07-05 11:34:44,39.03874867799981,loki_write_request_duration_seconds_sum,loki.write.default,/,loki:3100,alloy:8080,alloy-metrics,204
2025-07-05 11:35:44,39.03874867799981,loki_write_request_duration_seconds_sum,loki.write.default,/,loki:3100,alloy:8080,alloy-metrics,204
2025-07-05 11:36:44,39.03874867799981,loki_write_request_duration_seconds_sum,loki.write.default,/,loki:3100,alloy:8080,alloy-metrics,204
2025-07-05 11:37:44,39.042021302999814,loki_write_request_duration_seconds_sum,loki.write.default,/,loki:3100,alloy:8080,alloy-metrics,204
2025-07-05 11:38:44,39.078920678999815,loki_write_request_duration_seconds_sum,loki.write.default,/,loki:3100,alloy:8080,alloy-metrics,204
2025-07-05 11:39:44,39.13465142699981,loki_write_request_duration_seconds_sum,loki.write.default,/,loki:3100,alloy:8080,alloy-metrics,204
2025-07-05 11:40:44,39.13465142699981,loki_write_request_duration_seconds_sum,loki.write.default,/,loki:3100,alloy:8080,alloy-metrics,204
2025-07-05 11:41:44,39.16097875999981,loki_write_request_duration_seconds_sum,loki.write.default,/,loki:3100,alloy:8080,alloy-metrics,204
2025-07-05 11:42:44,39.22802213499981,loki_write_request_duration_seconds_sum,loki.write.default,/,loki:3100,alloy:8080,alloy-metrics,204
2025-07-05 11:43:44,39.23957259199981,loki_write_request_duration_seconds_sum,loki.write.default,/,loki:3100,alloy:8080,alloy-metrics,204
2025-07-05 11:44:44,39.23957259199981,loki_write_request_duration_seconds_sum,loki.write.default,/,loki:3100,alloy:8080,alloy-metrics,204
2025-07-05 11:45:44,39.23957259199981,loki_write_request_duration_seconds_sum,loki.write.default,/,loki:3100,alloy:8080,alloy-metrics,204
2025-07-05 11:46:44,39.23957259199981,loki_write_request_duration_seconds_sum,loki.write.default,/,loki:3100,alloy:8080,alloy-metrics,204
2025-07-05 11:47:44,39.23957259199981,loki_write_request_duration_seconds_sum,loki.write.default,/,loki:3100,alloy:8080,alloy-metrics,204
2025-07-05 11:49:44,39.290140006999806,loki_write_request_duration_seconds_sum,loki.write.default,/,loki:3100,alloy:8080,alloy-metrics,204
2025-07-05 11:50:44,39.323934714999815,loki_write_request_duration_seconds_sum,loki.write.default,/,loki:3100,alloy:8080,alloy-metrics,204
2025-07-05 11:51:44,39.323934714999815,loki_write_request_duration_seconds_sum,loki.write.default,/,loki:3100,alloy:8080,alloy-metrics,204
2025-07-05 11:52:44,39.323934714999815,loki_write_request_duration_seconds_sum,loki.write.default,/,loki:3100,alloy:8080,alloy-metrics,204
2025-07-05 11:53:44,39.323934714999815,loki_write_request_duration_seconds_sum,loki.write.default,/,loki:3100,alloy:8080,alloy-metrics,204
2025-07-05 11:54:44,39.323934714999815,loki_write_request_duration_seconds_sum,loki.write.default,/,loki:3100,alloy:8080,alloy-metrics,204
2025-07-05 12:06:44,39.63423879699981,loki_write_request_duration_seconds_sum,loki.write.default,/,loki:3100,alloy:8080,alloy-metrics,204
2025-07-05 12:07:44,39.68361079899983,loki_write_request_duration_seconds_sum,loki.write.default,/,loki:3100,alloy:8080,alloy-metrics,204
2025-07-05 12:08:44,39.745742380999815,loki_write_request_duration_seconds_sum,loki.write.default,/,loki:3100,alloy:8080,alloy-metrics,204
2025-07-05 12:09:44,41.25714592099982,loki_write_request_duration_seconds_sum,loki.write.default,/,loki:3100,alloy:8080,alloy-metrics,204
2025-07-05 12:10:44,42.533171466999825,loki_write_request_duration_seconds_sum,loki.write.default,/,loki:3100,alloy:8080,alloy-metrics,204
2025-07-05 12:11:44,44.578477628999835,loki_write_request_duration_seconds_sum,loki.write.default,/,loki:3100,alloy:8080,alloy-metrics,204
2025-07-05 12:12:44,44.9948743839998,loki_write_request_duration_seconds_sum,loki.write.default,/,loki:3100,alloy:8080,alloy-metrics,204
2025-07-05 12:13:44,44.9948743839998,loki_write_request_duration_seconds_sum,loki.write.default,/,loki:3100,alloy:8080,alloy-metrics,204
2025-07-05 12:14:44,44.9948743839998,loki_write_request_duration_seconds_sum,loki.write.default,/,loki:3100,alloy:8080,alloy-metrics,204
2025-07-05 12:15:44,44.9948743839998,loki_write_request_duration_seconds_sum,loki.write.default,/,loki:3100,alloy:8080,alloy-metrics,204
2025-07-05 12:16:44,44.9948743839998,loki_write_request_duration_seconds_sum,loki.write.default,/,loki:3100,alloy:8080,alloy-metrics,204
2025-07-05 12:17:44,45.0865324679998,loki_write_request_duration_seconds_sum,loki.write.default,/,loki:3100,alloy:8080,alloy-metrics,204
2025-07-05 12:18:44,45.0865324679998,loki_write_request_duration_seconds_sum,loki.write.default,/,loki:3100,alloy:8080,alloy-metrics,204
2025-07-05 12:19:44,45.0865324679998,loki_write_request_duration_seconds_sum,loki.write.default,/,loki:3100,alloy:8080,alloy-metrics,204
2025-07-05 12:20:44,45.0865324679998,loki_write_request_duration_seconds_sum,loki.write.default,/,loki:3100,alloy:8080,alloy-metrics,204
2025-07-05 12:21:44,45.0865324679998,loki_write_request_duration_seconds_sum,loki.write.default,/,loki:3100,alloy:8080,alloy-metrics,204
2025-07-05 12:22:44,45.794174300999785,loki_write_request_duration_seconds_sum,loki.write.default,/,loki:3100,alloy:8080,alloy-metrics,204
2025-07-05 12:23:44,45.794174300999785,loki_write_request_duration_seconds_sum,loki.write.default,/,loki:3100,alloy:8080,alloy-metrics,204
2025-07-05 12:24:44,45.794174300999785,loki_write_request_duration_seconds_sum,loki.write.default,/,loki:3100,alloy:8080,alloy-metrics,204
2025-07-05 12:25:44,45.794174300999785,loki_write_request_duration_seconds_sum,loki.write.default,/,loki:3100,alloy:8080,alloy-metrics,204
2025-07-05 12:26:44,45.794174300999785,loki_write_request_duration_seconds_sum,loki.write.default,/,loki:3100,alloy:8080,alloy-metrics,204
2025-07-05 12:27:44,45.83255767499979,loki_write_request_duration_seconds_sum,loki.write.default,/,loki:3100,alloy:8080,alloy-metrics,204
2025-07-05 12:28:44,45.83255767499979,loki_write_request_duration_seconds_sum,loki.write.default,/,loki:3100,alloy:8080,alloy-metrics,204
2025-07-05 12:29:44,45.83411588299979,loki_write_request_duration_seconds_sum,loki.write.default,/,loki:3100,alloy:8080,alloy-metrics,204
2025-07-05 12:30:44,45.92886138199976,loki_write_request_duration_seconds_sum,loki.write.default,/,loki:3100,alloy:8080,alloy-metrics,204
2025-07-05 12:31:44,46.07106700699975,loki_write_request_duration_seconds_sum,loki.write.default,/,loki:3100,alloy:8080,alloy-metrics,204
2025-07-05 12:32:44,47.08502367799973,loki_write_request_duration_seconds_sum,loki.write.default,/,loki:3100,alloy:8080,alloy-metrics,204
2025-07-05 12:33:44,47.13142642499973,loki_write_request_duration_seconds_sum,loki.write.default,/,loki:3100,alloy:8080,alloy-metrics,204
2025-07-05 12:34:44,47.13142642499973,loki_write_request_duration_seconds_sum,loki.write.default,/,loki:3100,alloy:8080,alloy-metrics,204
2025-07-05 12:35:44,47.13142642499973,loki_write_request_duration_seconds_sum,loki.write.default,/,loki:3100,alloy:8080,alloy-metrics,204
2025-07-05 12:36:44,47.13226084099972,loki_write_request_duration_seconds_sum,loki.write.default,/,loki:3100,alloy:8080,alloy-metrics,204
2025-07-05 12:37:44,47.18774842299973,loki_write_request_duration_seconds_sum,loki.write.default,/,loki:3100,alloy:8080,alloy-metrics,204
2025-07-05 12:38:44,47.18774842299973,loki_write_request_duration_seconds_sum,loki.write.default,/,loki:3100,alloy:8080,alloy-metrics,204
2025-07-05 12:39:44,47.18774842299973,loki_write_request_duration_seconds_sum,loki.write.default,/,loki:3100,alloy:8080,alloy-metrics,204
2025-07-05 12:40:44,47.18774842299973,loki_write_request_duration_seconds_sum,loki.write.default,/,loki:3100,alloy:8080,alloy-metrics,204
2025-07-05 12:41:44,47.198977129999726,loki_write_request_duration_seconds_sum,loki.write.default,/,loki:3100,alloy:8080,alloy-metrics,204
2025-07-05 12:42:44,47.198977129999726,loki_write_request_duration_seconds_sum,loki.write.default,/,loki:3100,alloy:8080,alloy-metrics,204
2025-07-05 12:43:44,47.198977129999726,loki_write_request_duration_seconds_sum,loki.write.default,/,loki:3100,alloy:8080,alloy-metrics,204
2025-07-05 12:44:44,47.198977129999726,loki_write_request_duration_seconds_sum,loki.write.default,/,loki:3100,alloy:8080,alloy-metrics,204
2025-07-05 12:45:44,47.198977129999726,loki_write_request_duration_seconds_sum,loki.write.default,/,loki:3100,alloy:8080,alloy-metrics,204
2025-07-05 12:46:44,47.290066421999725,loki_write_request_duration_seconds_sum,loki.write.default,/,loki:3100,alloy:8080,alloy-metrics,204
2025-07-05 12:47:44,47.37761754699971,loki_write_request_duration_seconds_sum,loki.write.default,/,loki:3100,alloy:8080,alloy-metrics,204
2025-07-05 12:48:44,47.52268258399974,loki_write_request_duration_seconds_sum,loki.write.default,/,loki:3100,alloy:8080,alloy-metrics,204
2025-07-05 12:49:44,47.54855529199974,loki_write_request_duration_seconds_sum,loki.write.default,/,loki:3100,alloy:8080,alloy-metrics,204
2025-07-05 12:50:44,48.00041995699974,loki_write_request_duration_seconds_sum,loki.write.default,/,loki:3100,alloy:8080,alloy-metrics,204
2025-07-05 12:51:44,48.580131580999755,loki_write_request_duration_seconds_sum,loki.write.default,/,loki:3100,alloy:8080,alloy-metrics,204
2025-07-05 12:52:44,48.83765320499976,loki_write_request_duration_seconds_sum,loki.write.default,/,loki:3100,alloy:8080,alloy-metrics,204
2025-07-05 12:53:44,48.83765320499976,loki_write_request_duration_seconds_sum,loki.write.default,/,loki:3100,alloy:8080,alloy-metrics,204
2025-07-05 12:54:44,48.83765320499976,loki_write_request_duration_seconds_sum,loki.write.default,/,loki:3100,alloy:8080,alloy-metrics,204
2025-07-05 12:55:44,48.84777299699976,loki_write_request_duration_seconds_sum,loki.write.default,/,loki:3100,alloy:8080,alloy-metrics,204
2025-07-05 12:56:44,49.12510857899977,loki_write_request_duration_seconds_sum,loki.write.default,/,loki:3100,alloy:8080,alloy-metrics,204
2025-07-05 12:57:44,49.12510857899977,loki_write_request_duration_seconds_sum,loki.write.default,/,loki:3100,alloy:8080,alloy-metrics,204
2025-07-05 12:58:44,49.12510857899977,loki_write_request_duration_seconds_sum,loki.write.default,/,loki:3100,alloy:8080,alloy-metrics,204
2025-07-05 12:59:44,49.12510857899977,loki_write_request_duration_seconds_sum,loki.write.default,/,loki:3100,alloy:8080,alloy-metrics,204
2025-07-05 13:00:44,49.12614782899977,loki_write_request_duration_seconds_sum,loki.write.default,/,loki:3100,alloy:8080,alloy-metrics,204
2025-07-05 13:01:44,49.39329303899977,loki_write_request_duration_seconds_sum,loki.write.default,/,loki:3100,alloy:8080,alloy-metrics,204
2025-07-05 13:02:44,49.39329303899977,loki_write_request_duration_seconds_sum,loki.write.default,/,loki:3100,alloy:8080,alloy-metrics,204
2025-07-05 13:03:44,49.39329303899977,loki_write_request_duration_seconds_sum,loki.write.default,/,loki:3100,alloy:8080,alloy-metrics,204
2025-07-05 13:04:44,49.39329303899977,loki_write_request_duration_seconds_sum,loki.write.default,/,loki:3100,alloy:8080,alloy-metrics,204
2025-07-05 13:05:44,49.63150383299977,loki_write_request_duration_seconds_sum,loki.write.default,/,loki:3100,alloy:8080,alloy-metrics,204
2025-07-05 13:06:44,49.63150383299977,loki_write_request_duration_seconds_sum,loki.write.default,/,loki:3100,alloy:8080,alloy-metrics,204
2025-07-05 13:07:44,49.63150383299977,loki_write_request_duration_seconds_sum,loki.write.default,/,loki:3100,alloy:8080,alloy-metrics,204
2025-07-05 13:08:44,49.63150383299977,loki_write_request_duration_seconds_sum,loki.write.default,/,loki:3100,alloy:8080,alloy-metrics,204
2025-07-05 13:09:44,49.853372541999754,loki_write_request_duration_seconds_sum,loki.write.default,/,loki:3100,alloy:8080,alloy-metrics,204
2025-07-05 10:29:44,0.005525584,loki_write_request_duration_seconds_sum,loki.write.default,/,loki:3100,alloy:8080,alloy-metrics,500
2025-07-05 10:30:44,0.005525584,loki_write_request_duration_seconds_sum,loki.write.default,/,loki:3100,alloy:8080,alloy-metrics,500
2025-07-05 10:31:44,0.005525584,loki_write_request_duration_seconds_sum,loki.write.default,/,loki:3100,alloy:8080,alloy-metrics,500
2025-07-05 10:32:44,0.005525584,loki_write_request_duration_seconds_sum,loki.write.default,/,loki:3100,alloy:8080,alloy-metrics,500
2025-07-05 10:33:44,0.005525584,loki_write_request_duration_seconds_sum,loki.write.default,/,loki:3100,alloy:8080,alloy-metrics,500
2025-07-05 10:34:44,0.005525584,loki_write_request_duration_seconds_sum,loki.write.default,/,loki:3100,alloy:8080,alloy-metrics,500
2025-07-05 10:45:44,0.019541751,loki_write_request_duration_seconds_sum,loki.write.default,/,loki:3100,alloy:8080,alloy-metrics,500
2025-07-05 10:46:44,0.019541751,loki_write_request_duration_seconds_sum,loki.write.default,/,loki:3100,alloy:8080,alloy-metrics,500
2025-07-05 10:47:44,0.019541751,loki_write_request_duration_seconds_sum,loki.write.default,/,loki:3100,alloy:8080,alloy-metrics,500
2025-07-05 10:48:44,0.024600919,loki_write_request_duration_seconds_sum,loki.write.default,/,loki:3100,alloy:8080,alloy-metrics,500
2025-07-05 10:49:44,0.024600919,loki_write_request_duration_seconds_sum,loki.write.default,/,loki:3100,alloy:8080,alloy-metrics,500
2025-07-05 10:50:44,0.024600919,loki_write_request_duration_seconds_sum,loki.write.default,/,loki:3100,alloy:8080,alloy-metrics,500
2025-07-05 10:51:44,0.024600919,loki_write_request_duration_seconds_sum,loki.write.default,/,loki:3100,alloy:8080,alloy-metrics,500
2025-07-05 10:52:44,0.024600919,loki_write_request_duration_seconds_sum,loki.write.default,/,loki:3100,alloy:8080,alloy-metrics,500
2025-07-05 10:53:44,0.024600919,loki_write_request_duration_seconds_sum,loki.write.default,/,loki:3100,alloy:8080,alloy-metrics,500
2025-07-05 10:54:44,0.024600919,loki_write_request_duration_seconds_sum,loki.write.default,/,loki:3100,alloy:8080,alloy-metrics,500
2025-07-05 10:55:44,0.024600919,loki_write_request_duration_seconds_sum,loki.write.default,/,loki:3100,alloy:8080,alloy-metrics,500
2025-07-05 10:56:44,0.024600919,loki_write_request_duration_seconds_sum,loki.write.default,/,loki:3100,alloy:8080,alloy-metrics,500
2025-07-05 10:57:44,0.024600919,loki_write_request_duration_seconds_sum,loki.write.default,/,loki:3100,alloy:8080,alloy-metrics,500
2025-07-05 10:58:44,0.024600919,loki_write_request_duration_seconds_sum,loki.write.default,/,loki:3100,alloy:8080,alloy-metrics,500
2025-07-05 10:59:44,0.024600919,loki_write_request_duration_seconds_sum,loki.write.default,/,loki:3100,alloy:8080,alloy-metrics,500
2025-07-05 11:00:44,0.024600919,loki_write_request_duration_seconds_sum,loki.write.default,/,loki:3100,alloy:8080,alloy-metrics,500
2025-07-05 11:01:44,0.024600919,loki_write_request_duration_seconds_sum,loki.write.default,/,loki:3100,alloy:8080,alloy-metrics,500
2025-07-05 11:02:44,0.024600919,loki_write_request_duration_seconds_sum,loki.write.default,/,loki:3100,alloy:8080,alloy-metrics,500
2025-07-05 11:03:44,0.024600919,loki_write_request_duration_seconds_sum,loki.write.default,/,loki:3100,alloy:8080,alloy-metrics,500
2025-07-05 11:04:44,0.024600919,loki_write_request_duration_seconds_sum,loki.write.default,/,loki:3100,alloy:8080,alloy-metrics,500
2025-07-05 11:05:44,0.024600919,loki_write_request_duration_seconds_sum,loki.write.default,/,loki:3100,alloy:8080,alloy-metrics,500
2025-07-05 11:06:44,0.024600919,loki_write_request_duration_seconds_sum,loki.write.default,/,loki:3100,alloy:8080,alloy-metrics,500
2025-07-05 11:07:44,0.024600919,loki_write_request_duration_seconds_sum,loki.write.default,/,loki:3100,alloy:8080,alloy-metrics,500
2025-07-05 11:08:44,0.024600919,loki_write_request_duration_seconds_sum,loki.write.default,/,loki:3100,alloy:8080,alloy-metrics,500
2025-07-05 11:09:44,0.024600919,loki_write_request_duration_seconds_sum,loki.write.default,/,loki:3100,alloy:8080,alloy-metrics,500
2025-07-05 11:10:44,0.024600919,loki_write_request_duration_seconds_sum,loki.write.default,/,loki:3100,alloy:8080,alloy-metrics,500
2025-07-05 11:11:44,0.024600919,loki_write_request_duration_seconds_sum,loki.write.default,/,loki:3100,alloy:8080,alloy-metrics,500
2025-07-05 11:12:44,0.024600919,loki_write_request_duration_seconds_sum,loki.write.default,/,loki:3100,alloy:8080,alloy-metrics,500
2025-07-05 11:13:44,0.024600919,loki_write_request_duration_seconds_sum,loki.write.default,/,loki:3100,alloy:8080,alloy-metrics,500
2025-07-05 11:14:44,0.024600919,loki_write_request_duration_seconds_sum,loki.write.default,/,loki:3100,alloy:8080,alloy-metrics,500
2025-07-05 11:15:44,0.028041086,loki_write_request_duration_seconds_sum,loki.write.default,/,loki:3100,alloy:8080,alloy-metrics,500
2025-07-05 11:16:44,0.028041086,loki_write_request_duration_seconds_sum,loki.write.default,/,loki:3100,alloy:8080,alloy-metrics,500
2025-07-05 11:17:44,0.028041086,loki_write_request_duration_seconds_sum,loki.write.default,/,loki:3100,alloy:8080,alloy-metrics,500
2025-07-05 11:18:44,0.028041086,loki_write_request_duration_seconds_sum,loki.write.default,/,loki:3100,alloy:8080,alloy-metrics,500
2025-07-05 11:19:44,0.028041086,loki_write_request_duration_seconds_sum,loki.write.default,/,loki:3100,alloy:8080,alloy-metrics,500
2025-07-05 11:20:44,0.028041086,loki_write_request_duration_seconds_sum,loki.write.default,/,loki:3100,alloy:8080,alloy-metrics,500
2025-07-05 11:21:44,0.028041086,loki_write_request_duration_seconds_sum,loki.write.default,/,loki:3100,alloy:8080,alloy-metrics,500
2025-07-05 11:22:44,0.028041086,loki_write_request_duration_seconds_sum,loki.write.default,/,loki:3100,alloy:8080,alloy-metrics,500
2025-07-05 11:23:44,0.028041086,loki_write_request_duration_seconds_sum,loki.write.default,/,loki:3100,alloy:8080,alloy-metrics,500
2025-07-05 11:24:44,0.028041086,loki_write_request_duration_seconds_sum,loki.write.default,/,loki:3100,alloy:8080,alloy-metrics,500
2025-07-05 11:25:44,0.028041086,loki_write_request_duration_seconds_sum,loki.write.default,/,loki:3100,alloy:8080,alloy-metrics,500
2025-07-05 11:26:44,0.028041086,loki_write_request_duration_seconds_sum,loki.write.default,/,loki:3100,alloy:8080,alloy-metrics,500
2025-07-05 11:27:44,0.028041086,loki_write_request_duration_seconds_sum,loki.write.default,/,loki:3100,alloy:8080,alloy-metrics,500
2025-07-05 11:28:44,0.028041086,loki_write_request_duration_seconds_sum,loki.write.default,/,loki:3100,alloy:8080,alloy-metrics,500
2025-07-05 11:29:44,0.028041086,loki_write_request_duration_seconds_sum,loki.write.default,/,loki:3100,alloy:8080,alloy-metrics,500
2025-07-05 11:30:44,0.028041086,loki_write_request_duration_seconds_sum,loki.write.default,/,loki:3100,alloy:8080,alloy-metrics,500
2025-07-05 11:31:44,0.030349336,loki_write_request_duration_seconds_sum,loki.write.default,/,loki:3100,alloy:8080,alloy-metrics,500
2025-07-05 11:32:44,0.030349336,loki_write_request_duration_seconds_sum,loki.write.default,/,loki:3100,alloy:8080,alloy-metrics,500
2025-07-05 11:33:44,0.033179875,loki_write_request_duration_seconds_sum,loki.write.default,/,loki:3100,alloy:8080,alloy-metrics,500
2025-07-05 11:34:44,0.033179875,loki_write_request_duration_seconds_sum,loki.write.default,/,loki:3100,alloy:8080,alloy-metrics,500
2025-07-05 11:35:44,0.033179875,loki_write_request_duration_seconds_sum,loki.write.default,/,loki:3100,alloy:8080,alloy-metrics,500
2025-07-05 11:36:44,0.033179875,loki_write_request_duration_seconds_sum,loki.write.default,/,loki:3100,alloy:8080,alloy-metrics,500
2025-07-05 11:37:44,0.036279667,loki_write_request_duration_seconds_sum,loki.write.default,/,loki:3100,alloy:8080,alloy-metrics,500
2025-07-05 11:38:44,0.036279667,loki_write_request_duration_seconds_sum,loki.write.default,/,loki:3100,alloy:8080,alloy-metrics,500
2025-07-05 11:39:44,0.036279667,loki_write_request_duration_seconds_sum,loki.write.default,/,loki:3100,alloy:8080,alloy-metrics,500
2025-07-05 11:40:44,0.036279667,loki_write_request_duration_seconds_sum,loki.write.default,/,loki:3100,alloy:8080,alloy-metrics,500
2025-07-05 11:41:44,0.038894793,loki_write_request_duration_seconds_sum,loki.write.default,/,loki:3100,alloy:8080,alloy-metrics,500
2025-07-05 11:42:44,0.043312876,loki_write_request_duration_seconds_sum,loki.write.default,/,loki:3100,alloy:8080,alloy-metrics,500
2025-07-05 11:43:44,0.043312876,loki_write_request_duration_seconds_sum,loki.write.default,/,loki:3100,alloy:8080,alloy-metrics,500
2025-07-05 11:44:44,0.043312876,loki_write_request_duration_seconds_sum,loki.write.default,/,loki:3100,alloy:8080,alloy-metrics,500
2025-07-05 11:45:44,0.043312876,loki_write_request_duration_seconds_sum,loki.write.default,/,loki:3100,alloy:8080,alloy-metrics,500
2025-07-05 11:46:44,0.043312876,loki_write_request_duration_seconds_sum,loki.write.default,/,loki:3100,alloy:8080,alloy-metrics,500
2025-07-05 11:47:44,0.043312876,loki_write_request_duration_seconds_sum,loki.write.default,/,loki:3100,alloy:8080,alloy-metrics,500
2025-07-05 11:49:44,0.050988501,loki_write_request_duration_seconds_sum,loki.write.default,/,loki:3100,alloy:8080,alloy-metrics,500
2025-07-05 11:50:44,0.050988501,loki_write_request_duration_seconds_sum,loki.write.default,/,loki:3100,alloy:8080,alloy-metrics,500
2025-07-05 11:51:44,0.050988501,loki_write_request_duration_seconds_sum,loki.write.default,/,loki:3100,alloy:8080,alloy-metrics,500
2025-07-05 11:52:44,0.050988501,loki_write_request_duration_seconds_sum,loki.write.default,/,loki:3100,alloy:8080,alloy-metrics,500
2025-07-05 11:53:44,0.050988501,loki_write_request_duration_seconds_sum,loki.write.default,/,loki:3100,alloy:8080,alloy-metrics,500
2025-07-05 11:54:44,0.050988501,loki_write_request_duration_seconds_sum,loki.write.default,/,loki:3100,alloy:8080,alloy-metrics,500
2025-07-05 12:06:44,0.055320835,loki_write_request_duration_seconds_sum,loki.write.default,/,loki:3100,alloy:8080,alloy-metrics,500
2025-07-05 12:07:44,0.055320835,loki_write_request_duration_seconds_sum,loki.write.default,/,loki:3100,alloy:8080,alloy-metrics,500
2025-07-05 12:08:44,0.055320835,loki_write_request_duration_seconds_sum,loki.write.default,/,loki:3100,alloy:8080,alloy-metrics,500
2025-07-05 12:09:44,0.055320835,loki_write_request_duration_seconds_sum,loki.write.default,/,loki:3100,alloy:8080,alloy-metrics,500
2025-07-05 12:10:44,0.055320835,loki_write_request_duration_seconds_sum,loki.write.default,/,loki:3100,alloy:8080,alloy-metrics,500
2025-07-05 12:11:44,0.055320835,loki_write_request_duration_seconds_sum,loki.write.default,/,loki:3100,alloy:8080,alloy-metrics,500
2025-07-05 12:12:44,0.055320835,loki_write_request_duration_seconds_sum,loki.write.default,/,loki:3100,alloy:8080,alloy-metrics,500
2025-07-05 12:13:44,0.055320835,loki_write_request_duration_seconds_sum,loki.write.default,/,loki:3100,alloy:8080,alloy-metrics,500
2025-07-05 12:14:44,0.055320835,loki_write_request_duration_seconds_sum,loki.write.default,/,loki:3100,alloy:8080,alloy-metrics,500
2025-07-05 12:15:44,0.055320835,loki_write_request_duration_seconds_sum,loki.write.default,/,loki:3100,alloy:8080,alloy-metrics,500
2025-07-05 12:16:44,0.055320835,loki_write_request_duration_seconds_sum,loki.write.default,/,loki:3100,alloy:8080,alloy-metrics,500
2025-07-05 12:17:44,0.0608244619999999,loki_write_request_duration_seconds_sum,loki.write.default,/,loki:3100,alloy:8080,alloy-metrics,500
2025-07-05 12:18:44,0.0608244619999999,loki_write_request_duration_seconds_sum,loki.write.default,/,loki:3100,alloy:8080,alloy-metrics,500
2025-07-05 12:19:44,0.0608244619999999,loki_write_request_duration_seconds_sum,loki.write.default,/,loki:3100,alloy:8080,alloy-metrics,500
2025-07-05 12:20:44,0.0608244619999999,loki_write_request_duration_seconds_sum,loki.write.default,/,loki:3100,alloy:8080,alloy-metrics,500
2025-07-05 12:21:44,0.0608244619999999,loki_write_request_duration_seconds_sum,loki.write.default,/,loki:3100,alloy:8080,alloy-metrics,500
2025-07-05 12:22:44,0.0774297959999999,loki_write_request_duration_seconds_sum,loki.write.default,/,loki:3100,alloy:8080,alloy-metrics,500
2025-07-05 12:23:44,0.0774297959999999,loki_write_request_duration_seconds_sum,loki.write.default,/,loki:3100,alloy:8080,alloy-metrics,500
2025-07-05 12:24:44,0.0774297959999999,loki_write_request_duration_seconds_sum,loki.write.default,/,loki:3100,alloy:8080,alloy-metrics,500
2025-07-05 12:25:44,0.0774297959999999,loki_write_request_duration_seconds_sum,loki.write.default,/,loki:3100,alloy:8080,alloy-metrics,500
2025-07-05 12:26:44,0.0774297959999999,loki_write_request_duration_seconds_sum,loki.write.default,/,loki:3100,alloy:8080,alloy-metrics,500
2025-07-05 12:27:44,0.0852281299999999,loki_write_request_duration_seconds_sum,loki.write.default,/,loki:3100,alloy:8080,alloy-metrics,500
2025-07-05 12:28:44,0.0852281299999999,loki_write_request_duration_seconds_sum,loki.write.default,/,loki:3100,alloy:8080,alloy-metrics,500
2025-07-05 12:29:44,0.0898071719999999,loki_write_request_duration_seconds_sum,loki.write.default,/,loki:3100,alloy:8080,alloy-metrics,500
2025-07-05 12:30:44,0.0898071719999999,loki_write_request_duration_seconds_sum,loki.write.default,/,loki:3100,alloy:8080,alloy-metrics,500
2025-07-05 12:31:44,0.0898071719999999,loki_write_request_duration_seconds_sum,loki.write.default,/,loki:3100,alloy:8080,alloy-metrics,500
2025-07-05 12:32:44,0.0898071719999999,loki_write_request_duration_seconds_sum,loki.write.default,/,loki:3100,alloy:8080,alloy-metrics,500
2025-07-05 12:33:44,0.0898071719999999,loki_write_request_duration_seconds_sum,loki.write.default,/,loki:3100,alloy:8080,alloy-metrics,500
2025-07-05 12:34:44,0.0898071719999999,loki_write_request_duration_seconds_sum,loki.write.default,/,loki:3100,alloy:8080,alloy-metrics,500
2025-07-05 12:35:44,0.0898071719999999,loki_write_request_duration_seconds_sum,loki.write.default,/,loki:3100,alloy:8080,alloy-metrics,500
2025-07-05 12:36:44,0.0927147129999999,loki_write_request_duration_seconds_sum,loki.write.default,/,loki:3100,alloy:8080,alloy-metrics,500
2025-07-05 12:37:44,0.0927147129999999,loki_write_request_duration_seconds_sum,loki.write.default,/,loki:3100,alloy:8080,alloy-metrics,500
2025-07-05 12:38:44,0.0927147129999999,loki_write_request_duration_seconds_sum,loki.write.default,/,loki:3100,alloy:8080,alloy-metrics,500
2025-07-05 12:39:44,0.0927147129999999,loki_write_request_duration_seconds_sum,loki.write.default,/,loki:3100,alloy:8080,alloy-metrics,500
2025-07-05 12:40:44,0.0927147129999999,loki_write_request_duration_seconds_sum,loki.write.default,/,loki:3100,alloy:8080,alloy-metrics,500
2025-07-05 12:41:44,0.0995259619999999,loki_write_request_duration_seconds_sum,loki.write.default,/,loki:3100,alloy:8080,alloy-metrics,500
2025-07-05 12:42:44,0.0995259619999999,loki_write_request_duration_seconds_sum,loki.write.default,/,loki:3100,alloy:8080,alloy-metrics,500
2025-07-05 12:43:44,0.0995259619999999,loki_write_request_duration_seconds_sum,loki.write.default,/,loki:3100,alloy:8080,alloy-metrics,500
2025-07-05 12:44:44,0.0995259619999999,loki_write_request_duration_seconds_sum,loki.write.default,/,loki:3100,alloy:8080,alloy-metrics,500
2025-07-05 12:45:44,0.0995259619999999,loki_write_request_duration_seconds_sum,loki.write.default,/,loki:3100,alloy:8080,alloy-metrics,500
2025-07-05 12:46:44,0.1018223789999999,loki_write_request_duration_seconds_sum,loki.write.default,/,loki:3100,alloy:8080,alloy-metrics,500
2025-07-05 12:47:44,0.1018223789999999,loki_write_request_duration_seconds_sum,loki.write.default,/,loki:3100,alloy:8080,alloy-metrics,500
2025-07-05 12:48:44,0.1018223789999999,loki_write_request_duration_seconds_sum,loki.write.default,/,loki:3100,alloy:8080,alloy-metrics,500
2025-07-05 12:49:44,0.1018223789999999,loki_write_request_duration_seconds_sum,loki.write.default,/,loki:3100,alloy:8080,alloy-metrics,500
2025-07-05 12:50:44,0.1018223789999999,loki_write_request_duration_seconds_sum,loki.write.default,/,loki:3100,alloy:8080,alloy-metrics,500
2025-07-05 12:51:44,0.1018223789999999,loki_write_request_duration_seconds_sum,loki.write.default,/,loki:3100,alloy:8080,alloy-metrics,500
2025-07-05 12:52:44,0.1018223789999999,loki_write_request_duration_seconds_sum,loki.write.default,/,loki:3100,alloy:8080,alloy-metrics,500
2025-07-05 12:53:44,0.1018223789999999,loki_write_request_duration_seconds_sum,loki.write.default,/,loki:3100,alloy:8080,alloy-metrics,500
2025-07-05 12:54:44,0.1018223789999999,loki_write_request_duration_seconds_sum,loki.write.default,/,loki:3100,alloy:8080,alloy-metrics,500
2025-07-05 12:55:44,0.1628070439999999,loki_write_request_duration_seconds_sum,loki.write.default,/,loki:3100,alloy:8080,alloy-metrics,500
2025-07-05 12:56:44,0.1628070439999999,loki_write_request_duration_seconds_sum,loki.write.default,/,loki:3100,alloy:8080,alloy-metrics,500
2025-07-05 12:57:44,0.1628070439999999,loki_write_request_duration_seconds_sum,loki.write.default,/,loki:3100,alloy:8080,alloy-metrics,500
2025-07-05 12:58:44,0.1628070439999999,loki_write_request_duration_seconds_sum,loki.write.default,/,loki:3100,alloy:8080,alloy-metrics,500
2025-07-05 12:59:44,0.1628070439999999,loki_write_request_duration_seconds_sum,loki.write.default,/,loki:3100,alloy:8080,alloy-metrics,500
2025-07-05 13:00:44,0.1694372509999999,loki_write_request_duration_seconds_sum,loki.write.default,/,loki:3100,alloy:8080,alloy-metrics,500
2025-07-05 13:01:44,0.1694372509999999,loki_write_request_duration_seconds_sum,loki.write.default,/,loki:3100,alloy:8080,alloy-metrics,500
2025-07-05 13:02:44,0.1694372509999999,loki_write_request_duration_seconds_sum,loki.write.default,/,loki:3100,alloy:8080,alloy-metrics,500
2025-07-05 13:03:44,0.1694372509999999,loki_write_request_duration_seconds_sum,loki.write.default,/,loki:3100,alloy:8080,alloy-metrics,500
2025-07-05 13:04:44,0.1694372509999999,loki_write_request_duration_seconds_sum,loki.write.default,/,loki:3100,alloy:8080,alloy-metrics,500
2025-07-05 13:05:44,0.1740126269999999,loki_write_request_duration_seconds_sum,loki.write.default,/,loki:3100,alloy:8080,alloy-metrics,500
2025-07-05 13:06:44,0.1740126269999999,loki_write_request_duration_seconds_sum,loki.write.default,/,loki:3100,alloy:8080,alloy-metrics,500
2025-07-05 13:07:44,0.1740126269999999,loki_write_request_duration_seconds_sum,loki.write.default,/,loki:3100,alloy:8080,alloy-metrics,500
2025-07-05 13:08:44,0.1740126269999999,loki_write_request_duration_seconds_sum,loki.write.default,/,loki:3100,alloy:8080,alloy-metrics,500
2025-07-05 13:09:44,0.1780835009999999,loki_write_request_duration_seconds_sum,loki.write.default,/,loki:3100,alloy:8080,alloy-metrics,500
