timestamp,value,metric_name,component_id,component_path,instance,job,otel_scope_name,otel_scope_version,rpc_method,rpc_service,rpc_system
2025-07-05 07:17:44,3,rpc_client_response_size_bytes_count,otelcol.exporter.otlp.tempo,/,alloy:8080,alloy-metrics,go.opentelemetry.io/contrib/instrumentation/google.golang.org/grpc/otelgrpc,0.60.0,Export,opentelemetry.proto.collector.trace.v1.TraceService,grpc
2025-07-05 07:18:44,19,rpc_client_response_size_bytes_count,otelcol.exporter.otlp.tempo,/,alloy:8080,alloy-metrics,go.opentelemetry.io/contrib/instrumentation/google.golang.org/grpc/otelgrpc,0.60.0,Export,opentelemetry.proto.collector.trace.v1.TraceService,grpc
2025-07-05 07:19:44,30,rpc_client_response_size_bytes_count,otelcol.exporter.otlp.tempo,/,alloy:8080,alloy-metrics,go.opentelemetry.io/contrib/instrumentation/google.golang.org/grpc/otelgrpc,0.60.0,Export,opentelemetry.proto.collector.trace.v1.TraceService,grpc
2025-07-05 07:20:44,42,rpc_client_response_size_bytes_count,otelcol.exporter.otlp.tempo,/,alloy:8080,alloy-metrics,go.opentelemetry.io/contrib/instrumentation/google.golang.org/grpc/otelgrpc,0.60.0,Export,opentelemetry.proto.collector.trace.v1.TraceService,grpc
2025-07-05 07:21:44,54,rpc_client_response_size_bytes_count,otelcol.exporter.otlp.tempo,/,alloy:8080,alloy-metrics,go.opentelemetry.io/contrib/instrumentation/google.golang.org/grpc/otelgrpc,0.60.0,Export,opentelemetry.proto.collector.trace.v1.TraceService,grpc
2025-07-05 07:22:44,66,rpc_client_response_size_bytes_count,otelcol.exporter.otlp.tempo,/,alloy:8080,alloy-metrics,go.opentelemetry.io/contrib/instrumentation/google.golang.org/grpc/otelgrpc,0.60.0,Export,opentelemetry.proto.collector.trace.v1.TraceService,grpc
2025-07-05 07:23:44,78,rpc_client_response_size_bytes_count,otelcol.exporter.otlp.tempo,/,alloy:8080,alloy-metrics,go.opentelemetry.io/contrib/instrumentation/google.golang.org/grpc/otelgrpc,0.60.0,Export,opentelemetry.proto.collector.trace.v1.TraceService,grpc
2025-07-05 07:24:44,90,rpc_client_response_size_bytes_count,otelcol.exporter.otlp.tempo,/,alloy:8080,alloy-metrics,go.opentelemetry.io/contrib/instrumentation/google.golang.org/grpc/otelgrpc,0.60.0,Export,opentelemetry.proto.collector.trace.v1.TraceService,grpc
2025-07-05 07:25:44,102,rpc_client_response_size_bytes_count,otelcol.exporter.otlp.tempo,/,alloy:8080,alloy-metrics,go.opentelemetry.io/contrib/instrumentation/google.golang.org/grpc/otelgrpc,0.60.0,Export,opentelemetry.proto.collector.trace.v1.TraceService,grpc
2025-07-05 07:26:44,114,rpc_client_response_size_bytes_count,otelcol.exporter.otlp.tempo,/,alloy:8080,alloy-metrics,go.opentelemetry.io/contrib/instrumentation/google.golang.org/grpc/otelgrpc,0.60.0,Export,opentelemetry.proto.collector.trace.v1.TraceService,grpc
2025-07-05 07:27:44,125,rpc_client_response_size_bytes_count,otelcol.exporter.otlp.tempo,/,alloy:8080,alloy-metrics,go.opentelemetry.io/contrib/instrumentation/google.golang.org/grpc/otelgrpc,0.60.0,Export,opentelemetry.proto.collector.trace.v1.TraceService,grpc
2025-07-05 07:28:44,135,rpc_client_response_size_bytes_count,otelcol.exporter.otlp.tempo,/,alloy:8080,alloy-metrics,go.opentelemetry.io/contrib/instrumentation/google.golang.org/grpc/otelgrpc,0.60.0,Export,opentelemetry.proto.collector.trace.v1.TraceService,grpc
2025-07-05 07:29:44,146,rpc_client_response_size_bytes_count,otelcol.exporter.otlp.tempo,/,alloy:8080,alloy-metrics,go.opentelemetry.io/contrib/instrumentation/google.golang.org/grpc/otelgrpc,0.60.0,Export,opentelemetry.proto.collector.trace.v1.TraceService,grpc
2025-07-05 07:30:44,177,rpc_client_response_size_bytes_count,otelcol.exporter.otlp.tempo,/,alloy:8080,alloy-metrics,go.opentelemetry.io/contrib/instrumentation/google.golang.org/grpc/otelgrpc,0.60.0,Export,opentelemetry.proto.collector.trace.v1.TraceService,grpc
2025-07-05 07:31:44,212,rpc_client_response_size_bytes_count,otelcol.exporter.otlp.tempo,/,alloy:8080,alloy-metrics,go.opentelemetry.io/contrib/instrumentation/google.golang.org/grpc/otelgrpc,0.60.0,Export,opentelemetry.proto.collector.trace.v1.TraceService,grpc
2025-07-05 07:32:44,264,rpc_client_response_size_bytes_count,otelcol.exporter.otlp.tempo,/,alloy:8080,alloy-metrics,go.opentelemetry.io/contrib/instrumentation/google.golang.org/grpc/otelgrpc,0.60.0,Export,opentelemetry.proto.collector.trace.v1.TraceService,grpc
2025-07-05 07:33:44,337,rpc_client_response_size_bytes_count,otelcol.exporter.otlp.tempo,/,alloy:8080,alloy-metrics,go.opentelemetry.io/contrib/instrumentation/google.golang.org/grpc/otelgrpc,0.60.0,Export,opentelemetry.proto.collector.trace.v1.TraceService,grpc
2025-07-05 07:34:44,425,rpc_client_response_size_bytes_count,otelcol.exporter.otlp.tempo,/,alloy:8080,alloy-metrics,go.opentelemetry.io/contrib/instrumentation/google.golang.org/grpc/otelgrpc,0.60.0,Export,opentelemetry.proto.collector.trace.v1.TraceService,grpc
2025-07-05 07:35:44,502,rpc_client_response_size_bytes_count,otelcol.exporter.otlp.tempo,/,alloy:8080,alloy-metrics,go.opentelemetry.io/contrib/instrumentation/google.golang.org/grpc/otelgrpc,0.60.0,Export,opentelemetry.proto.collector.trace.v1.TraceService,grpc
2025-07-05 07:36:44,593,rpc_client_response_size_bytes_count,otelcol.exporter.otlp.tempo,/,alloy:8080,alloy-metrics,go.opentelemetry.io/contrib/instrumentation/google.golang.org/grpc/otelgrpc,0.60.0,Export,opentelemetry.proto.collector.trace.v1.TraceService,grpc
2025-07-05 07:37:44,679,rpc_client_response_size_bytes_count,otelcol.exporter.otlp.tempo,/,alloy:8080,alloy-metrics,go.opentelemetry.io/contrib/instrumentation/google.golang.org/grpc/otelgrpc,0.60.0,Export,opentelemetry.proto.collector.trace.v1.TraceService,grpc
2025-07-05 07:38:44,751,rpc_client_response_size_bytes_count,otelcol.exporter.otlp.tempo,/,alloy:8080,alloy-metrics,go.opentelemetry.io/contrib/instrumentation/google.golang.org/grpc/otelgrpc,0.60.0,Export,opentelemetry.proto.collector.trace.v1.TraceService,grpc
2025-07-05 07:39:44,831,rpc_client_response_size_bytes_count,otelcol.exporter.otlp.tempo,/,alloy:8080,alloy-metrics,go.opentelemetry.io/contrib/instrumentation/google.golang.org/grpc/otelgrpc,0.60.0,Export,opentelemetry.proto.collector.trace.v1.TraceService,grpc
2025-07-05 07:40:44,907,rpc_client_response_size_bytes_count,otelcol.exporter.otlp.tempo,/,alloy:8080,alloy-metrics,go.opentelemetry.io/contrib/instrumentation/google.golang.org/grpc/otelgrpc,0.60.0,Export,opentelemetry.proto.collector.trace.v1.TraceService,grpc
2025-07-05 07:41:44,977,rpc_client_response_size_bytes_count,otelcol.exporter.otlp.tempo,/,alloy:8080,alloy-metrics,go.opentelemetry.io/contrib/instrumentation/google.golang.org/grpc/otelgrpc,0.60.0,Export,opentelemetry.proto.collector.trace.v1.TraceService,grpc
2025-07-05 07:42:44,1053,rpc_client_response_size_bytes_count,otelcol.exporter.otlp.tempo,/,alloy:8080,alloy-metrics,go.opentelemetry.io/contrib/instrumentation/google.golang.org/grpc/otelgrpc,0.60.0,Export,opentelemetry.proto.collector.trace.v1.TraceService,grpc
2025-07-05 07:43:44,1209,rpc_client_response_size_bytes_count,otelcol.exporter.otlp.tempo,/,alloy:8080,alloy-metrics,go.opentelemetry.io/contrib/instrumentation/google.golang.org/grpc/otelgrpc,0.60.0,Export,opentelemetry.proto.collector.trace.v1.TraceService,grpc
2025-07-05 07:44:44,1293,rpc_client_response_size_bytes_count,otelcol.exporter.otlp.tempo,/,alloy:8080,alloy-metrics,go.opentelemetry.io/contrib/instrumentation/google.golang.org/grpc/otelgrpc,0.60.0,Export,opentelemetry.proto.collector.trace.v1.TraceService,grpc
2025-07-05 07:45:44,1388,rpc_client_response_size_bytes_count,otelcol.exporter.otlp.tempo,/,alloy:8080,alloy-metrics,go.opentelemetry.io/contrib/instrumentation/google.golang.org/grpc/otelgrpc,0.60.0,Export,opentelemetry.proto.collector.trace.v1.TraceService,grpc
2025-07-05 07:46:44,1520,rpc_client_response_size_bytes_count,otelcol.exporter.otlp.tempo,/,alloy:8080,alloy-metrics,go.opentelemetry.io/contrib/instrumentation/google.golang.org/grpc/otelgrpc,0.60.0,Export,opentelemetry.proto.collector.trace.v1.TraceService,grpc
2025-07-05 07:47:44,1694,rpc_client_response_size_bytes_count,otelcol.exporter.otlp.tempo,/,alloy:8080,alloy-metrics,go.opentelemetry.io/contrib/instrumentation/google.golang.org/grpc/otelgrpc,0.60.0,Export,opentelemetry.proto.collector.trace.v1.TraceService,grpc
2025-07-05 07:48:44,1774,rpc_client_response_size_bytes_count,otelcol.exporter.otlp.tempo,/,alloy:8080,alloy-metrics,go.opentelemetry.io/contrib/instrumentation/google.golang.org/grpc/otelgrpc,0.60.0,Export,opentelemetry.proto.collector.trace.v1.TraceService,grpc
2025-07-05 07:49:44,1879,rpc_client_response_size_bytes_count,otelcol.exporter.otlp.tempo,/,alloy:8080,alloy-metrics,go.opentelemetry.io/contrib/instrumentation/google.golang.org/grpc/otelgrpc,0.60.0,Export,opentelemetry.proto.collector.trace.v1.TraceService,grpc
2025-07-05 07:50:44,1984,rpc_client_response_size_bytes_count,otelcol.exporter.otlp.tempo,/,alloy:8080,alloy-metrics,go.opentelemetry.io/contrib/instrumentation/google.golang.org/grpc/otelgrpc,0.60.0,Export,opentelemetry.proto.collector.trace.v1.TraceService,grpc
2025-07-05 07:51:44,2156,rpc_client_response_size_bytes_count,otelcol.exporter.otlp.tempo,/,alloy:8080,alloy-metrics,go.opentelemetry.io/contrib/instrumentation/google.golang.org/grpc/otelgrpc,0.60.0,Export,opentelemetry.proto.collector.trace.v1.TraceService,grpc
2025-07-05 07:52:44,2354,rpc_client_response_size_bytes_count,otelcol.exporter.otlp.tempo,/,alloy:8080,alloy-metrics,go.opentelemetry.io/contrib/instrumentation/google.golang.org/grpc/otelgrpc,0.60.0,Export,opentelemetry.proto.collector.trace.v1.TraceService,grpc
2025-07-05 07:53:44,2482,rpc_client_response_size_bytes_count,otelcol.exporter.otlp.tempo,/,alloy:8080,alloy-metrics,go.opentelemetry.io/contrib/instrumentation/google.golang.org/grpc/otelgrpc,0.60.0,Export,opentelemetry.proto.collector.trace.v1.TraceService,grpc
2025-07-05 07:54:44,2640,rpc_client_response_size_bytes_count,otelcol.exporter.otlp.tempo,/,alloy:8080,alloy-metrics,go.opentelemetry.io/contrib/instrumentation/google.golang.org/grpc/otelgrpc,0.60.0,Export,opentelemetry.proto.collector.trace.v1.TraceService,grpc
2025-07-05 07:55:44,2734,rpc_client_response_size_bytes_count,otelcol.exporter.otlp.tempo,/,alloy:8080,alloy-metrics,go.opentelemetry.io/contrib/instrumentation/google.golang.org/grpc/otelgrpc,0.60.0,Export,opentelemetry.proto.collector.trace.v1.TraceService,grpc
2025-07-05 07:56:44,2762,rpc_client_response_size_bytes_count,otelcol.exporter.otlp.tempo,/,alloy:8080,alloy-metrics,go.opentelemetry.io/contrib/instrumentation/google.golang.org/grpc/otelgrpc,0.60.0,Export,opentelemetry.proto.collector.trace.v1.TraceService,grpc
2025-07-05 07:57:44,2868,rpc_client_response_size_bytes_count,otelcol.exporter.otlp.tempo,/,alloy:8080,alloy-metrics,go.opentelemetry.io/contrib/instrumentation/google.golang.org/grpc/otelgrpc,0.60.0,Export,opentelemetry.proto.collector.trace.v1.TraceService,grpc
2025-07-05 07:58:44,3058,rpc_client_response_size_bytes_count,otelcol.exporter.otlp.tempo,/,alloy:8080,alloy-metrics,go.opentelemetry.io/contrib/instrumentation/google.golang.org/grpc/otelgrpc,0.60.0,Export,opentelemetry.proto.collector.trace.v1.TraceService,grpc
2025-07-05 07:59:44,3163,rpc_client_response_size_bytes_count,otelcol.exporter.otlp.tempo,/,alloy:8080,alloy-metrics,go.opentelemetry.io/contrib/instrumentation/google.golang.org/grpc/otelgrpc,0.60.0,Export,opentelemetry.proto.collector.trace.v1.TraceService,grpc
2025-07-05 08:00:44,3292,rpc_client_response_size_bytes_count,otelcol.exporter.otlp.tempo,/,alloy:8080,alloy-metrics,go.opentelemetry.io/contrib/instrumentation/google.golang.org/grpc/otelgrpc,0.60.0,Export,opentelemetry.proto.collector.trace.v1.TraceService,grpc
2025-07-05 08:01:44,3472,rpc_client_response_size_bytes_count,otelcol.exporter.otlp.tempo,/,alloy:8080,alloy-metrics,go.opentelemetry.io/contrib/instrumentation/google.golang.org/grpc/otelgrpc,0.60.0,Export,opentelemetry.proto.collector.trace.v1.TraceService,grpc
2025-07-05 08:02:44,3654,rpc_client_response_size_bytes_count,otelcol.exporter.otlp.tempo,/,alloy:8080,alloy-metrics,go.opentelemetry.io/contrib/instrumentation/google.golang.org/grpc/otelgrpc,0.60.0,Export,opentelemetry.proto.collector.trace.v1.TraceService,grpc
2025-07-05 08:03:44,3836,rpc_client_response_size_bytes_count,otelcol.exporter.otlp.tempo,/,alloy:8080,alloy-metrics,go.opentelemetry.io/contrib/instrumentation/google.golang.org/grpc/otelgrpc,0.60.0,Export,opentelemetry.proto.collector.trace.v1.TraceService,grpc
2025-07-05 08:04:44,4102,rpc_client_response_size_bytes_count,otelcol.exporter.otlp.tempo,/,alloy:8080,alloy-metrics,go.opentelemetry.io/contrib/instrumentation/google.golang.org/grpc/otelgrpc,0.60.0,Export,opentelemetry.proto.collector.trace.v1.TraceService,grpc
2025-07-05 08:05:44,4321,rpc_client_response_size_bytes_count,otelcol.exporter.otlp.tempo,/,alloy:8080,alloy-metrics,go.opentelemetry.io/contrib/instrumentation/google.golang.org/grpc/otelgrpc,0.60.0,Export,opentelemetry.proto.collector.trace.v1.TraceService,grpc
2025-07-05 08:06:44,4537,rpc_client_response_size_bytes_count,otelcol.exporter.otlp.tempo,/,alloy:8080,alloy-metrics,go.opentelemetry.io/contrib/instrumentation/google.golang.org/grpc/otelgrpc,0.60.0,Export,opentelemetry.proto.collector.trace.v1.TraceService,grpc
2025-07-05 08:07:44,4678,rpc_client_response_size_bytes_count,otelcol.exporter.otlp.tempo,/,alloy:8080,alloy-metrics,go.opentelemetry.io/contrib/instrumentation/google.golang.org/grpc/otelgrpc,0.60.0,Export,opentelemetry.proto.collector.trace.v1.TraceService,grpc
2025-07-05 08:08:44,4814,rpc_client_response_size_bytes_count,otelcol.exporter.otlp.tempo,/,alloy:8080,alloy-metrics,go.opentelemetry.io/contrib/instrumentation/google.golang.org/grpc/otelgrpc,0.60.0,Export,opentelemetry.proto.collector.trace.v1.TraceService,grpc
2025-07-05 08:09:44,4981,rpc_client_response_size_bytes_count,otelcol.exporter.otlp.tempo,/,alloy:8080,alloy-metrics,go.opentelemetry.io/contrib/instrumentation/google.golang.org/grpc/otelgrpc,0.60.0,Export,opentelemetry.proto.collector.trace.v1.TraceService,grpc
2025-07-05 08:10:44,5256,rpc_client_response_size_bytes_count,otelcol.exporter.otlp.tempo,/,alloy:8080,alloy-metrics,go.opentelemetry.io/contrib/instrumentation/google.golang.org/grpc/otelgrpc,0.60.0,Export,opentelemetry.proto.collector.trace.v1.TraceService,grpc
2025-07-05 08:11:44,5454,rpc_client_response_size_bytes_count,otelcol.exporter.otlp.tempo,/,alloy:8080,alloy-metrics,go.opentelemetry.io/contrib/instrumentation/google.golang.org/grpc/otelgrpc,0.60.0,Export,opentelemetry.proto.collector.trace.v1.TraceService,grpc
2025-07-05 08:12:44,5581,rpc_client_response_size_bytes_count,otelcol.exporter.otlp.tempo,/,alloy:8080,alloy-metrics,go.opentelemetry.io/contrib/instrumentation/google.golang.org/grpc/otelgrpc,0.60.0,Export,opentelemetry.proto.collector.trace.v1.TraceService,grpc
2025-07-05 08:13:44,5746,rpc_client_response_size_bytes_count,otelcol.exporter.otlp.tempo,/,alloy:8080,alloy-metrics,go.opentelemetry.io/contrib/instrumentation/google.golang.org/grpc/otelgrpc,0.60.0,Export,opentelemetry.proto.collector.trace.v1.TraceService,grpc
2025-07-05 08:14:44,5849,rpc_client_response_size_bytes_count,otelcol.exporter.otlp.tempo,/,alloy:8080,alloy-metrics,go.opentelemetry.io/contrib/instrumentation/google.golang.org/grpc/otelgrpc,0.60.0,Export,opentelemetry.proto.collector.trace.v1.TraceService,grpc
2025-07-05 08:15:44,6007,rpc_client_response_size_bytes_count,otelcol.exporter.otlp.tempo,/,alloy:8080,alloy-metrics,go.opentelemetry.io/contrib/instrumentation/google.golang.org/grpc/otelgrpc,0.60.0,Export,opentelemetry.proto.collector.trace.v1.TraceService,grpc
2025-07-05 08:16:44,6241,rpc_client_response_size_bytes_count,otelcol.exporter.otlp.tempo,/,alloy:8080,alloy-metrics,go.opentelemetry.io/contrib/instrumentation/google.golang.org/grpc/otelgrpc,0.60.0,Export,opentelemetry.proto.collector.trace.v1.TraceService,grpc
2025-07-05 08:17:44,6439,rpc_client_response_size_bytes_count,otelcol.exporter.otlp.tempo,/,alloy:8080,alloy-metrics,go.opentelemetry.io/contrib/instrumentation/google.golang.org/grpc/otelgrpc,0.60.0,Export,opentelemetry.proto.collector.trace.v1.TraceService,grpc
2025-07-05 08:18:44,6606,rpc_client_response_size_bytes_count,otelcol.exporter.otlp.tempo,/,alloy:8080,alloy-metrics,go.opentelemetry.io/contrib/instrumentation/google.golang.org/grpc/otelgrpc,0.60.0,Export,opentelemetry.proto.collector.trace.v1.TraceService,grpc
2025-07-05 08:19:44,6667,rpc_client_response_size_bytes_count,otelcol.exporter.otlp.tempo,/,alloy:8080,alloy-metrics,go.opentelemetry.io/contrib/instrumentation/google.golang.org/grpc/otelgrpc,0.60.0,Export,opentelemetry.proto.collector.trace.v1.TraceService,grpc
2025-07-05 08:20:44,6716,rpc_client_response_size_bytes_count,otelcol.exporter.otlp.tempo,/,alloy:8080,alloy-metrics,go.opentelemetry.io/contrib/instrumentation/google.golang.org/grpc/otelgrpc,0.60.0,Export,opentelemetry.proto.collector.trace.v1.TraceService,grpc
2025-07-05 08:21:44,6830,rpc_client_response_size_bytes_count,otelcol.exporter.otlp.tempo,/,alloy:8080,alloy-metrics,go.opentelemetry.io/contrib/instrumentation/google.golang.org/grpc/otelgrpc,0.60.0,Export,opentelemetry.proto.collector.trace.v1.TraceService,grpc
2025-07-05 08:22:44,6954,rpc_client_response_size_bytes_count,otelcol.exporter.otlp.tempo,/,alloy:8080,alloy-metrics,go.opentelemetry.io/contrib/instrumentation/google.golang.org/grpc/otelgrpc,0.60.0,Export,opentelemetry.proto.collector.trace.v1.TraceService,grpc
2025-07-05 08:23:44,7071,rpc_client_response_size_bytes_count,otelcol.exporter.otlp.tempo,/,alloy:8080,alloy-metrics,go.opentelemetry.io/contrib/instrumentation/google.golang.org/grpc/otelgrpc,0.60.0,Export,opentelemetry.proto.collector.trace.v1.TraceService,grpc
2025-07-05 08:24:44,7166,rpc_client_response_size_bytes_count,otelcol.exporter.otlp.tempo,/,alloy:8080,alloy-metrics,go.opentelemetry.io/contrib/instrumentation/google.golang.org/grpc/otelgrpc,0.60.0,Export,opentelemetry.proto.collector.trace.v1.TraceService,grpc
2025-07-05 08:25:44,7273,rpc_client_response_size_bytes_count,otelcol.exporter.otlp.tempo,/,alloy:8080,alloy-metrics,go.opentelemetry.io/contrib/instrumentation/google.golang.org/grpc/otelgrpc,0.60.0,Export,opentelemetry.proto.collector.trace.v1.TraceService,grpc
2025-07-05 08:26:44,7383,rpc_client_response_size_bytes_count,otelcol.exporter.otlp.tempo,/,alloy:8080,alloy-metrics,go.opentelemetry.io/contrib/instrumentation/google.golang.org/grpc/otelgrpc,0.60.0,Export,opentelemetry.proto.collector.trace.v1.TraceService,grpc
2025-07-05 08:27:44,7471,rpc_client_response_size_bytes_count,otelcol.exporter.otlp.tempo,/,alloy:8080,alloy-metrics,go.opentelemetry.io/contrib/instrumentation/google.golang.org/grpc/otelgrpc,0.60.0,Export,opentelemetry.proto.collector.trace.v1.TraceService,grpc
2025-07-05 08:28:44,7541,rpc_client_response_size_bytes_count,otelcol.exporter.otlp.tempo,/,alloy:8080,alloy-metrics,go.opentelemetry.io/contrib/instrumentation/google.golang.org/grpc/otelgrpc,0.60.0,Export,opentelemetry.proto.collector.trace.v1.TraceService,grpc
2025-07-05 08:29:44,7641,rpc_client_response_size_bytes_count,otelcol.exporter.otlp.tempo,/,alloy:8080,alloy-metrics,go.opentelemetry.io/contrib/instrumentation/google.golang.org/grpc/otelgrpc,0.60.0,Export,opentelemetry.proto.collector.trace.v1.TraceService,grpc
2025-07-05 08:30:44,7709,rpc_client_response_size_bytes_count,otelcol.exporter.otlp.tempo,/,alloy:8080,alloy-metrics,go.opentelemetry.io/contrib/instrumentation/google.golang.org/grpc/otelgrpc,0.60.0,Export,opentelemetry.proto.collector.trace.v1.TraceService,grpc
2025-07-05 08:31:44,7734,rpc_client_response_size_bytes_count,otelcol.exporter.otlp.tempo,/,alloy:8080,alloy-metrics,go.opentelemetry.io/contrib/instrumentation/google.golang.org/grpc/otelgrpc,0.60.0,Export,opentelemetry.proto.collector.trace.v1.TraceService,grpc
2025-07-05 08:32:44,7783,rpc_client_response_size_bytes_count,otelcol.exporter.otlp.tempo,/,alloy:8080,alloy-metrics,go.opentelemetry.io/contrib/instrumentation/google.golang.org/grpc/otelgrpc,0.60.0,Export,opentelemetry.proto.collector.trace.v1.TraceService,grpc
2025-07-05 08:33:44,7889,rpc_client_response_size_bytes_count,otelcol.exporter.otlp.tempo,/,alloy:8080,alloy-metrics,go.opentelemetry.io/contrib/instrumentation/google.golang.org/grpc/otelgrpc,0.60.0,Export,opentelemetry.proto.collector.trace.v1.TraceService,grpc
2025-07-05 08:34:44,8044,rpc_client_response_size_bytes_count,otelcol.exporter.otlp.tempo,/,alloy:8080,alloy-metrics,go.opentelemetry.io/contrib/instrumentation/google.golang.org/grpc/otelgrpc,0.60.0,Export,opentelemetry.proto.collector.trace.v1.TraceService,grpc
2025-07-05 08:35:44,8180,rpc_client_response_size_bytes_count,otelcol.exporter.otlp.tempo,/,alloy:8080,alloy-metrics,go.opentelemetry.io/contrib/instrumentation/google.golang.org/grpc/otelgrpc,0.60.0,Export,opentelemetry.proto.collector.trace.v1.TraceService,grpc
2025-07-05 08:36:44,8231,rpc_client_response_size_bytes_count,otelcol.exporter.otlp.tempo,/,alloy:8080,alloy-metrics,go.opentelemetry.io/contrib/instrumentation/google.golang.org/grpc/otelgrpc,0.60.0,Export,opentelemetry.proto.collector.trace.v1.TraceService,grpc
2025-07-05 08:37:44,8390,rpc_client_response_size_bytes_count,otelcol.exporter.otlp.tempo,/,alloy:8080,alloy-metrics,go.opentelemetry.io/contrib/instrumentation/google.golang.org/grpc/otelgrpc,0.60.0,Export,opentelemetry.proto.collector.trace.v1.TraceService,grpc
2025-07-05 08:38:44,8651,rpc_client_response_size_bytes_count,otelcol.exporter.otlp.tempo,/,alloy:8080,alloy-metrics,go.opentelemetry.io/contrib/instrumentation/google.golang.org/grpc/otelgrpc,0.60.0,Export,opentelemetry.proto.collector.trace.v1.TraceService,grpc
2025-07-05 08:39:44,8832,rpc_client_response_size_bytes_count,otelcol.exporter.otlp.tempo,/,alloy:8080,alloy-metrics,go.opentelemetry.io/contrib/instrumentation/google.golang.org/grpc/otelgrpc,0.60.0,Export,opentelemetry.proto.collector.trace.v1.TraceService,grpc
2025-07-05 08:40:44,9001,rpc_client_response_size_bytes_count,otelcol.exporter.otlp.tempo,/,alloy:8080,alloy-metrics,go.opentelemetry.io/contrib/instrumentation/google.golang.org/grpc/otelgrpc,0.60.0,Export,opentelemetry.proto.collector.trace.v1.TraceService,grpc
2025-07-05 08:41:44,9154,rpc_client_response_size_bytes_count,otelcol.exporter.otlp.tempo,/,alloy:8080,alloy-metrics,go.opentelemetry.io/contrib/instrumentation/google.golang.org/grpc/otelgrpc,0.60.0,Export,opentelemetry.proto.collector.trace.v1.TraceService,grpc
2025-07-05 08:42:44,9352,rpc_client_response_size_bytes_count,otelcol.exporter.otlp.tempo,/,alloy:8080,alloy-metrics,go.opentelemetry.io/contrib/instrumentation/google.golang.org/grpc/otelgrpc,0.60.0,Export,opentelemetry.proto.collector.trace.v1.TraceService,grpc
2025-07-05 08:43:44,9531,rpc_client_response_size_bytes_count,otelcol.exporter.otlp.tempo,/,alloy:8080,alloy-metrics,go.opentelemetry.io/contrib/instrumentation/google.golang.org/grpc/otelgrpc,0.60.0,Export,opentelemetry.proto.collector.trace.v1.TraceService,grpc
2025-07-05 08:44:44,9629,rpc_client_response_size_bytes_count,otelcol.exporter.otlp.tempo,/,alloy:8080,alloy-metrics,go.opentelemetry.io/contrib/instrumentation/google.golang.org/grpc/otelgrpc,0.60.0,Export,opentelemetry.proto.collector.trace.v1.TraceService,grpc
2025-07-05 08:45:44,9749,rpc_client_response_size_bytes_count,otelcol.exporter.otlp.tempo,/,alloy:8080,alloy-metrics,go.opentelemetry.io/contrib/instrumentation/google.golang.org/grpc/otelgrpc,0.60.0,Export,opentelemetry.proto.collector.trace.v1.TraceService,grpc
2025-07-05 08:46:44,9958,rpc_client_response_size_bytes_count,otelcol.exporter.otlp.tempo,/,alloy:8080,alloy-metrics,go.opentelemetry.io/contrib/instrumentation/google.golang.org/grpc/otelgrpc,0.60.0,Export,opentelemetry.proto.collector.trace.v1.TraceService,grpc
2025-07-05 08:47:44,10122,rpc_client_response_size_bytes_count,otelcol.exporter.otlp.tempo,/,alloy:8080,alloy-metrics,go.opentelemetry.io/contrib/instrumentation/google.golang.org/grpc/otelgrpc,0.60.0,Export,opentelemetry.proto.collector.trace.v1.TraceService,grpc
2025-07-05 08:48:44,10297,rpc_client_response_size_bytes_count,otelcol.exporter.otlp.tempo,/,alloy:8080,alloy-metrics,go.opentelemetry.io/contrib/instrumentation/google.golang.org/grpc/otelgrpc,0.60.0,Export,opentelemetry.proto.collector.trace.v1.TraceService,grpc
2025-07-05 08:49:44,10594,rpc_client_response_size_bytes_count,otelcol.exporter.otlp.tempo,/,alloy:8080,alloy-metrics,go.opentelemetry.io/contrib/instrumentation/google.golang.org/grpc/otelgrpc,0.60.0,Export,opentelemetry.proto.collector.trace.v1.TraceService,grpc
2025-07-05 08:50:44,10684,rpc_client_response_size_bytes_count,otelcol.exporter.otlp.tempo,/,alloy:8080,alloy-metrics,go.opentelemetry.io/contrib/instrumentation/google.golang.org/grpc/otelgrpc,0.60.0,Export,opentelemetry.proto.collector.trace.v1.TraceService,grpc
2025-07-05 08:51:44,10721,rpc_client_response_size_bytes_count,otelcol.exporter.otlp.tempo,/,alloy:8080,alloy-metrics,go.opentelemetry.io/contrib/instrumentation/google.golang.org/grpc/otelgrpc,0.60.0,Export,opentelemetry.proto.collector.trace.v1.TraceService,grpc
2025-07-05 08:52:44,10832,rpc_client_response_size_bytes_count,otelcol.exporter.otlp.tempo,/,alloy:8080,alloy-metrics,go.opentelemetry.io/contrib/instrumentation/google.golang.org/grpc/otelgrpc,0.60.0,Export,opentelemetry.proto.collector.trace.v1.TraceService,grpc
2025-07-05 08:53:44,10951,rpc_client_response_size_bytes_count,otelcol.exporter.otlp.tempo,/,alloy:8080,alloy-metrics,go.opentelemetry.io/contrib/instrumentation/google.golang.org/grpc/otelgrpc,0.60.0,Export,opentelemetry.proto.collector.trace.v1.TraceService,grpc
2025-07-05 08:54:44,11087,rpc_client_response_size_bytes_count,otelcol.exporter.otlp.tempo,/,alloy:8080,alloy-metrics,go.opentelemetry.io/contrib/instrumentation/google.golang.org/grpc/otelgrpc,0.60.0,Export,opentelemetry.proto.collector.trace.v1.TraceService,grpc
2025-07-05 08:55:44,11201,rpc_client_response_size_bytes_count,otelcol.exporter.otlp.tempo,/,alloy:8080,alloy-metrics,go.opentelemetry.io/contrib/instrumentation/google.golang.org/grpc/otelgrpc,0.60.0,Export,opentelemetry.proto.collector.trace.v1.TraceService,grpc
2025-07-05 08:56:44,11318,rpc_client_response_size_bytes_count,otelcol.exporter.otlp.tempo,/,alloy:8080,alloy-metrics,go.opentelemetry.io/contrib/instrumentation/google.golang.org/grpc/otelgrpc,0.60.0,Export,opentelemetry.proto.collector.trace.v1.TraceService,grpc
2025-07-05 08:57:44,11398,rpc_client_response_size_bytes_count,otelcol.exporter.otlp.tempo,/,alloy:8080,alloy-metrics,go.opentelemetry.io/contrib/instrumentation/google.golang.org/grpc/otelgrpc,0.60.0,Export,opentelemetry.proto.collector.trace.v1.TraceService,grpc
2025-07-05 08:58:44,11465,rpc_client_response_size_bytes_count,otelcol.exporter.otlp.tempo,/,alloy:8080,alloy-metrics,go.opentelemetry.io/contrib/instrumentation/google.golang.org/grpc/otelgrpc,0.60.0,Export,opentelemetry.proto.collector.trace.v1.TraceService,grpc
2025-07-05 08:59:44,11641,rpc_client_response_size_bytes_count,otelcol.exporter.otlp.tempo,/,alloy:8080,alloy-metrics,go.opentelemetry.io/contrib/instrumentation/google.golang.org/grpc/otelgrpc,0.60.0,Export,opentelemetry.proto.collector.trace.v1.TraceService,grpc
2025-07-05 09:00:44,11871,rpc_client_response_size_bytes_count,otelcol.exporter.otlp.tempo,/,alloy:8080,alloy-metrics,go.opentelemetry.io/contrib/instrumentation/google.golang.org/grpc/otelgrpc,0.60.0,Export,opentelemetry.proto.collector.trace.v1.TraceService,grpc
2025-07-05 09:01:44,12053,rpc_client_response_size_bytes_count,otelcol.exporter.otlp.tempo,/,alloy:8080,alloy-metrics,go.opentelemetry.io/contrib/instrumentation/google.golang.org/grpc/otelgrpc,0.60.0,Export,opentelemetry.proto.collector.trace.v1.TraceService,grpc
2025-07-05 09:02:44,12243,rpc_client_response_size_bytes_count,otelcol.exporter.otlp.tempo,/,alloy:8080,alloy-metrics,go.opentelemetry.io/contrib/instrumentation/google.golang.org/grpc/otelgrpc,0.60.0,Export,opentelemetry.proto.collector.trace.v1.TraceService,grpc
2025-07-05 09:03:44,12393,rpc_client_response_size_bytes_count,otelcol.exporter.otlp.tempo,/,alloy:8080,alloy-metrics,go.opentelemetry.io/contrib/instrumentation/google.golang.org/grpc/otelgrpc,0.60.0,Export,opentelemetry.proto.collector.trace.v1.TraceService,grpc
2025-07-05 09:04:44,12474,rpc_client_response_size_bytes_count,otelcol.exporter.otlp.tempo,/,alloy:8080,alloy-metrics,go.opentelemetry.io/contrib/instrumentation/google.golang.org/grpc/otelgrpc,0.60.0,Export,opentelemetry.proto.collector.trace.v1.TraceService,grpc
2025-07-05 09:05:44,12491,rpc_client_response_size_bytes_count,otelcol.exporter.otlp.tempo,/,alloy:8080,alloy-metrics,go.opentelemetry.io/contrib/instrumentation/google.golang.org/grpc/otelgrpc,0.60.0,Export,opentelemetry.proto.collector.trace.v1.TraceService,grpc
2025-07-05 09:06:44,12544,rpc_client_response_size_bytes_count,otelcol.exporter.otlp.tempo,/,alloy:8080,alloy-metrics,go.opentelemetry.io/contrib/instrumentation/google.golang.org/grpc/otelgrpc,0.60.0,Export,opentelemetry.proto.collector.trace.v1.TraceService,grpc
2025-07-05 09:07:44,12702,rpc_client_response_size_bytes_count,otelcol.exporter.otlp.tempo,/,alloy:8080,alloy-metrics,go.opentelemetry.io/contrib/instrumentation/google.golang.org/grpc/otelgrpc,0.60.0,Export,opentelemetry.proto.collector.trace.v1.TraceService,grpc
2025-07-05 09:08:44,12896,rpc_client_response_size_bytes_count,otelcol.exporter.otlp.tempo,/,alloy:8080,alloy-metrics,go.opentelemetry.io/contrib/instrumentation/google.golang.org/grpc/otelgrpc,0.60.0,Export,opentelemetry.proto.collector.trace.v1.TraceService,grpc
2025-07-05 09:09:44,13056,rpc_client_response_size_bytes_count,otelcol.exporter.otlp.tempo,/,alloy:8080,alloy-metrics,go.opentelemetry.io/contrib/instrumentation/google.golang.org/grpc/otelgrpc,0.60.0,Export,opentelemetry.proto.collector.trace.v1.TraceService,grpc
2025-07-05 09:10:44,13239,rpc_client_response_size_bytes_count,otelcol.exporter.otlp.tempo,/,alloy:8080,alloy-metrics,go.opentelemetry.io/contrib/instrumentation/google.golang.org/grpc/otelgrpc,0.60.0,Export,opentelemetry.proto.collector.trace.v1.TraceService,grpc
2025-07-05 09:11:44,13534,rpc_client_response_size_bytes_count,otelcol.exporter.otlp.tempo,/,alloy:8080,alloy-metrics,go.opentelemetry.io/contrib/instrumentation/google.golang.org/grpc/otelgrpc,0.60.0,Export,opentelemetry.proto.collector.trace.v1.TraceService,grpc
2025-07-05 09:12:44,13739,rpc_client_response_size_bytes_count,otelcol.exporter.otlp.tempo,/,alloy:8080,alloy-metrics,go.opentelemetry.io/contrib/instrumentation/google.golang.org/grpc/otelgrpc,0.60.0,Export,opentelemetry.proto.collector.trace.v1.TraceService,grpc
2025-07-05 09:13:44,13847,rpc_client_response_size_bytes_count,otelcol.exporter.otlp.tempo,/,alloy:8080,alloy-metrics,go.opentelemetry.io/contrib/instrumentation/google.golang.org/grpc/otelgrpc,0.60.0,Export,opentelemetry.proto.collector.trace.v1.TraceService,grpc
2025-07-05 09:14:44,14005,rpc_client_response_size_bytes_count,otelcol.exporter.otlp.tempo,/,alloy:8080,alloy-metrics,go.opentelemetry.io/contrib/instrumentation/google.golang.org/grpc/otelgrpc,0.60.0,Export,opentelemetry.proto.collector.trace.v1.TraceService,grpc
2025-07-05 09:15:44,14205,rpc_client_response_size_bytes_count,otelcol.exporter.otlp.tempo,/,alloy:8080,alloy-metrics,go.opentelemetry.io/contrib/instrumentation/google.golang.org/grpc/otelgrpc,0.60.0,Export,opentelemetry.proto.collector.trace.v1.TraceService,grpc
2025-07-05 09:16:44,14307,rpc_client_response_size_bytes_count,otelcol.exporter.otlp.tempo,/,alloy:8080,alloy-metrics,go.opentelemetry.io/contrib/instrumentation/google.golang.org/grpc/otelgrpc,0.60.0,Export,opentelemetry.proto.collector.trace.v1.TraceService,grpc
2025-07-05 09:17:44,14495,rpc_client_response_size_bytes_count,otelcol.exporter.otlp.tempo,/,alloy:8080,alloy-metrics,go.opentelemetry.io/contrib/instrumentation/google.golang.org/grpc/otelgrpc,0.60.0,Export,opentelemetry.proto.collector.trace.v1.TraceService,grpc
2025-07-05 09:18:44,14797,rpc_client_response_size_bytes_count,otelcol.exporter.otlp.tempo,/,alloy:8080,alloy-metrics,go.opentelemetry.io/contrib/instrumentation/google.golang.org/grpc/otelgrpc,0.60.0,Export,opentelemetry.proto.collector.trace.v1.TraceService,grpc
2025-07-05 09:19:44,15023,rpc_client_response_size_bytes_count,otelcol.exporter.otlp.tempo,/,alloy:8080,alloy-metrics,go.opentelemetry.io/contrib/instrumentation/google.golang.org/grpc/otelgrpc,0.60.0,Export,opentelemetry.proto.collector.trace.v1.TraceService,grpc
2025-07-05 09:20:44,15191,rpc_client_response_size_bytes_count,otelcol.exporter.otlp.tempo,/,alloy:8080,alloy-metrics,go.opentelemetry.io/contrib/instrumentation/google.golang.org/grpc/otelgrpc,0.60.0,Export,opentelemetry.proto.collector.trace.v1.TraceService,grpc
2025-07-05 09:21:44,15384,rpc_client_response_size_bytes_count,otelcol.exporter.otlp.tempo,/,alloy:8080,alloy-metrics,go.opentelemetry.io/contrib/instrumentation/google.golang.org/grpc/otelgrpc,0.60.0,Export,opentelemetry.proto.collector.trace.v1.TraceService,grpc
2025-07-05 09:22:44,15571,rpc_client_response_size_bytes_count,otelcol.exporter.otlp.tempo,/,alloy:8080,alloy-metrics,go.opentelemetry.io/contrib/instrumentation/google.golang.org/grpc/otelgrpc,0.60.0,Export,opentelemetry.proto.collector.trace.v1.TraceService,grpc
2025-07-05 09:23:44,15737,rpc_client_response_size_bytes_count,otelcol.exporter.otlp.tempo,/,alloy:8080,alloy-metrics,go.opentelemetry.io/contrib/instrumentation/google.golang.org/grpc/otelgrpc,0.60.0,Export,opentelemetry.proto.collector.trace.v1.TraceService,grpc
2025-07-05 09:24:44,15929,rpc_client_response_size_bytes_count,otelcol.exporter.otlp.tempo,/,alloy:8080,alloy-metrics,go.opentelemetry.io/contrib/instrumentation/google.golang.org/grpc/otelgrpc,0.60.0,Export,opentelemetry.proto.collector.trace.v1.TraceService,grpc
2025-07-05 09:25:44,16028,rpc_client_response_size_bytes_count,otelcol.exporter.otlp.tempo,/,alloy:8080,alloy-metrics,go.opentelemetry.io/contrib/instrumentation/google.golang.org/grpc/otelgrpc,0.60.0,Export,opentelemetry.proto.collector.trace.v1.TraceService,grpc
2025-07-05 09:26:44,16193,rpc_client_response_size_bytes_count,otelcol.exporter.otlp.tempo,/,alloy:8080,alloy-metrics,go.opentelemetry.io/contrib/instrumentation/google.golang.org/grpc/otelgrpc,0.60.0,Export,opentelemetry.proto.collector.trace.v1.TraceService,grpc
2025-07-05 09:27:44,16324,rpc_client_response_size_bytes_count,otelcol.exporter.otlp.tempo,/,alloy:8080,alloy-metrics,go.opentelemetry.io/contrib/instrumentation/google.golang.org/grpc/otelgrpc,0.60.0,Export,opentelemetry.proto.collector.trace.v1.TraceService,grpc
2025-07-05 09:28:44,16394,rpc_client_response_size_bytes_count,otelcol.exporter.otlp.tempo,/,alloy:8080,alloy-metrics,go.opentelemetry.io/contrib/instrumentation/google.golang.org/grpc/otelgrpc,0.60.0,Export,opentelemetry.proto.collector.trace.v1.TraceService,grpc
2025-07-05 09:29:44,16549,rpc_client_response_size_bytes_count,otelcol.exporter.otlp.tempo,/,alloy:8080,alloy-metrics,go.opentelemetry.io/contrib/instrumentation/google.golang.org/grpc/otelgrpc,0.60.0,Export,opentelemetry.proto.collector.trace.v1.TraceService,grpc
2025-07-05 09:30:44,16749,rpc_client_response_size_bytes_count,otelcol.exporter.otlp.tempo,/,alloy:8080,alloy-metrics,go.opentelemetry.io/contrib/instrumentation/google.golang.org/grpc/otelgrpc,0.60.0,Export,opentelemetry.proto.collector.trace.v1.TraceService,grpc
2025-07-05 09:31:44,17014,rpc_client_response_size_bytes_count,otelcol.exporter.otlp.tempo,/,alloy:8080,alloy-metrics,go.opentelemetry.io/contrib/instrumentation/google.golang.org/grpc/otelgrpc,0.60.0,Export,opentelemetry.proto.collector.trace.v1.TraceService,grpc
2025-07-05 09:32:44,17193,rpc_client_response_size_bytes_count,otelcol.exporter.otlp.tempo,/,alloy:8080,alloy-metrics,go.opentelemetry.io/contrib/instrumentation/google.golang.org/grpc/otelgrpc,0.60.0,Export,opentelemetry.proto.collector.trace.v1.TraceService,grpc
2025-07-05 09:33:44,17320,rpc_client_response_size_bytes_count,otelcol.exporter.otlp.tempo,/,alloy:8080,alloy-metrics,go.opentelemetry.io/contrib/instrumentation/google.golang.org/grpc/otelgrpc,0.60.0,Export,opentelemetry.proto.collector.trace.v1.TraceService,grpc
2025-07-05 09:34:44,17431,rpc_client_response_size_bytes_count,otelcol.exporter.otlp.tempo,/,alloy:8080,alloy-metrics,go.opentelemetry.io/contrib/instrumentation/google.golang.org/grpc/otelgrpc,0.60.0,Export,opentelemetry.proto.collector.trace.v1.TraceService,grpc
2025-07-05 09:35:44,17647,rpc_client_response_size_bytes_count,otelcol.exporter.otlp.tempo,/,alloy:8080,alloy-metrics,go.opentelemetry.io/contrib/instrumentation/google.golang.org/grpc/otelgrpc,0.60.0,Export,opentelemetry.proto.collector.trace.v1.TraceService,grpc
2025-07-05 09:36:44,17793,rpc_client_response_size_bytes_count,otelcol.exporter.otlp.tempo,/,alloy:8080,alloy-metrics,go.opentelemetry.io/contrib/instrumentation/google.golang.org/grpc/otelgrpc,0.60.0,Export,opentelemetry.proto.collector.trace.v1.TraceService,grpc
2025-07-05 09:37:44,17911,rpc_client_response_size_bytes_count,otelcol.exporter.otlp.tempo,/,alloy:8080,alloy-metrics,go.opentelemetry.io/contrib/instrumentation/google.golang.org/grpc/otelgrpc,0.60.0,Export,opentelemetry.proto.collector.trace.v1.TraceService,grpc
2025-07-05 09:38:44,18028,rpc_client_response_size_bytes_count,otelcol.exporter.otlp.tempo,/,alloy:8080,alloy-metrics,go.opentelemetry.io/contrib/instrumentation/google.golang.org/grpc/otelgrpc,0.60.0,Export,opentelemetry.proto.collector.trace.v1.TraceService,grpc
2025-07-05 09:39:44,18094,rpc_client_response_size_bytes_count,otelcol.exporter.otlp.tempo,/,alloy:8080,alloy-metrics,go.opentelemetry.io/contrib/instrumentation/google.golang.org/grpc/otelgrpc,0.60.0,Export,opentelemetry.proto.collector.trace.v1.TraceService,grpc
2025-07-05 09:40:44,18144,rpc_client_response_size_bytes_count,otelcol.exporter.otlp.tempo,/,alloy:8080,alloy-metrics,go.opentelemetry.io/contrib/instrumentation/google.golang.org/grpc/otelgrpc,0.60.0,Export,opentelemetry.proto.collector.trace.v1.TraceService,grpc
2025-07-05 09:41:44,18246,rpc_client_response_size_bytes_count,otelcol.exporter.otlp.tempo,/,alloy:8080,alloy-metrics,go.opentelemetry.io/contrib/instrumentation/google.golang.org/grpc/otelgrpc,0.60.0,Export,opentelemetry.proto.collector.trace.v1.TraceService,grpc
2025-07-05 09:42:44,18455,rpc_client_response_size_bytes_count,otelcol.exporter.otlp.tempo,/,alloy:8080,alloy-metrics,go.opentelemetry.io/contrib/instrumentation/google.golang.org/grpc/otelgrpc,0.60.0,Export,opentelemetry.proto.collector.trace.v1.TraceService,grpc
2025-07-05 09:43:44,18676,rpc_client_response_size_bytes_count,otelcol.exporter.otlp.tempo,/,alloy:8080,alloy-metrics,go.opentelemetry.io/contrib/instrumentation/google.golang.org/grpc/otelgrpc,0.60.0,Export,opentelemetry.proto.collector.trace.v1.TraceService,grpc
2025-07-05 09:44:44,18832,rpc_client_response_size_bytes_count,otelcol.exporter.otlp.tempo,/,alloy:8080,alloy-metrics,go.opentelemetry.io/contrib/instrumentation/google.golang.org/grpc/otelgrpc,0.60.0,Export,opentelemetry.proto.collector.trace.v1.TraceService,grpc
2025-07-05 09:45:44,19033,rpc_client_response_size_bytes_count,otelcol.exporter.otlp.tempo,/,alloy:8080,alloy-metrics,go.opentelemetry.io/contrib/instrumentation/google.golang.org/grpc/otelgrpc,0.60.0,Export,opentelemetry.proto.collector.trace.v1.TraceService,grpc
2025-07-05 09:46:44,19271,rpc_client_response_size_bytes_count,otelcol.exporter.otlp.tempo,/,alloy:8080,alloy-metrics,go.opentelemetry.io/contrib/instrumentation/google.golang.org/grpc/otelgrpc,0.60.0,Export,opentelemetry.proto.collector.trace.v1.TraceService,grpc
2025-07-05 09:47:44,19433,rpc_client_response_size_bytes_count,otelcol.exporter.otlp.tempo,/,alloy:8080,alloy-metrics,go.opentelemetry.io/contrib/instrumentation/google.golang.org/grpc/otelgrpc,0.60.0,Export,opentelemetry.proto.collector.trace.v1.TraceService,grpc
2025-07-05 09:48:44,19547,rpc_client_response_size_bytes_count,otelcol.exporter.otlp.tempo,/,alloy:8080,alloy-metrics,go.opentelemetry.io/contrib/instrumentation/google.golang.org/grpc/otelgrpc,0.60.0,Export,opentelemetry.proto.collector.trace.v1.TraceService,grpc
2025-07-05 09:49:44,19709,rpc_client_response_size_bytes_count,otelcol.exporter.otlp.tempo,/,alloy:8080,alloy-metrics,go.opentelemetry.io/contrib/instrumentation/google.golang.org/grpc/otelgrpc,0.60.0,Export,opentelemetry.proto.collector.trace.v1.TraceService,grpc
2025-07-05 09:50:44,19944,rpc_client_response_size_bytes_count,otelcol.exporter.otlp.tempo,/,alloy:8080,alloy-metrics,go.opentelemetry.io/contrib/instrumentation/google.golang.org/grpc/otelgrpc,0.60.0,Export,opentelemetry.proto.collector.trace.v1.TraceService,grpc
2025-07-05 09:51:44,20197,rpc_client_response_size_bytes_count,otelcol.exporter.otlp.tempo,/,alloy:8080,alloy-metrics,go.opentelemetry.io/contrib/instrumentation/google.golang.org/grpc/otelgrpc,0.60.0,Export,opentelemetry.proto.collector.trace.v1.TraceService,grpc
2025-07-05 09:52:44,20460,rpc_client_response_size_bytes_count,otelcol.exporter.otlp.tempo,/,alloy:8080,alloy-metrics,go.opentelemetry.io/contrib/instrumentation/google.golang.org/grpc/otelgrpc,0.60.0,Export,opentelemetry.proto.collector.trace.v1.TraceService,grpc
2025-07-05 09:53:44,20640,rpc_client_response_size_bytes_count,otelcol.exporter.otlp.tempo,/,alloy:8080,alloy-metrics,go.opentelemetry.io/contrib/instrumentation/google.golang.org/grpc/otelgrpc,0.60.0,Export,opentelemetry.proto.collector.trace.v1.TraceService,grpc
2025-07-05 09:54:44,20837,rpc_client_response_size_bytes_count,otelcol.exporter.otlp.tempo,/,alloy:8080,alloy-metrics,go.opentelemetry.io/contrib/instrumentation/google.golang.org/grpc/otelgrpc,0.60.0,Export,opentelemetry.proto.collector.trace.v1.TraceService,grpc
2025-07-05 09:55:44,21040,rpc_client_response_size_bytes_count,otelcol.exporter.otlp.tempo,/,alloy:8080,alloy-metrics,go.opentelemetry.io/contrib/instrumentation/google.golang.org/grpc/otelgrpc,0.60.0,Export,opentelemetry.proto.collector.trace.v1.TraceService,grpc
2025-07-05 09:56:44,21148,rpc_client_response_size_bytes_count,otelcol.exporter.otlp.tempo,/,alloy:8080,alloy-metrics,go.opentelemetry.io/contrib/instrumentation/google.golang.org/grpc/otelgrpc,0.60.0,Export,opentelemetry.proto.collector.trace.v1.TraceService,grpc
2025-07-05 09:57:44,21197,rpc_client_response_size_bytes_count,otelcol.exporter.otlp.tempo,/,alloy:8080,alloy-metrics,go.opentelemetry.io/contrib/instrumentation/google.golang.org/grpc/otelgrpc,0.60.0,Export,opentelemetry.proto.collector.trace.v1.TraceService,grpc
2025-07-05 09:58:44,21325,rpc_client_response_size_bytes_count,otelcol.exporter.otlp.tempo,/,alloy:8080,alloy-metrics,go.opentelemetry.io/contrib/instrumentation/google.golang.org/grpc/otelgrpc,0.60.0,Export,opentelemetry.proto.collector.trace.v1.TraceService,grpc
2025-07-05 09:59:44,21534,rpc_client_response_size_bytes_count,otelcol.exporter.otlp.tempo,/,alloy:8080,alloy-metrics,go.opentelemetry.io/contrib/instrumentation/google.golang.org/grpc/otelgrpc,0.60.0,Export,opentelemetry.proto.collector.trace.v1.TraceService,grpc
2025-07-05 10:00:44,21761,rpc_client_response_size_bytes_count,otelcol.exporter.otlp.tempo,/,alloy:8080,alloy-metrics,go.opentelemetry.io/contrib/instrumentation/google.golang.org/grpc/otelgrpc,0.60.0,Export,opentelemetry.proto.collector.trace.v1.TraceService,grpc
2025-07-05 10:01:44,21789,rpc_client_response_size_bytes_count,otelcol.exporter.otlp.tempo,/,alloy:8080,alloy-metrics,go.opentelemetry.io/contrib/instrumentation/google.golang.org/grpc/otelgrpc,0.60.0,Export,opentelemetry.proto.collector.trace.v1.TraceService,grpc
2025-07-05 10:02:44,21837,rpc_client_response_size_bytes_count,otelcol.exporter.otlp.tempo,/,alloy:8080,alloy-metrics,go.opentelemetry.io/contrib/instrumentation/google.golang.org/grpc/otelgrpc,0.60.0,Export,opentelemetry.proto.collector.trace.v1.TraceService,grpc
2025-07-05 10:03:44,21931,rpc_client_response_size_bytes_count,otelcol.exporter.otlp.tempo,/,alloy:8080,alloy-metrics,go.opentelemetry.io/contrib/instrumentation/google.golang.org/grpc/otelgrpc,0.60.0,Export,opentelemetry.proto.collector.trace.v1.TraceService,grpc
2025-07-05 10:04:44,22087,rpc_client_response_size_bytes_count,otelcol.exporter.otlp.tempo,/,alloy:8080,alloy-metrics,go.opentelemetry.io/contrib/instrumentation/google.golang.org/grpc/otelgrpc,0.60.0,Export,opentelemetry.proto.collector.trace.v1.TraceService,grpc
2025-07-05 10:05:44,22163,rpc_client_response_size_bytes_count,otelcol.exporter.otlp.tempo,/,alloy:8080,alloy-metrics,go.opentelemetry.io/contrib/instrumentation/google.golang.org/grpc/otelgrpc,0.60.0,Export,opentelemetry.proto.collector.trace.v1.TraceService,grpc
2025-07-05 10:06:44,22221,rpc_client_response_size_bytes_count,otelcol.exporter.otlp.tempo,/,alloy:8080,alloy-metrics,go.opentelemetry.io/contrib/instrumentation/google.golang.org/grpc/otelgrpc,0.60.0,Export,opentelemetry.proto.collector.trace.v1.TraceService,grpc
2025-07-05 10:07:44,22341,rpc_client_response_size_bytes_count,otelcol.exporter.otlp.tempo,/,alloy:8080,alloy-metrics,go.opentelemetry.io/contrib/instrumentation/google.golang.org/grpc/otelgrpc,0.60.0,Export,opentelemetry.proto.collector.trace.v1.TraceService,grpc
2025-07-05 10:08:44,22463,rpc_client_response_size_bytes_count,otelcol.exporter.otlp.tempo,/,alloy:8080,alloy-metrics,go.opentelemetry.io/contrib/instrumentation/google.golang.org/grpc/otelgrpc,0.60.0,Export,opentelemetry.proto.collector.trace.v1.TraceService,grpc
2025-07-05 10:09:44,22565,rpc_client_response_size_bytes_count,otelcol.exporter.otlp.tempo,/,alloy:8080,alloy-metrics,go.opentelemetry.io/contrib/instrumentation/google.golang.org/grpc/otelgrpc,0.60.0,Export,opentelemetry.proto.collector.trace.v1.TraceService,grpc
2025-07-05 10:10:44,22576,rpc_client_response_size_bytes_count,otelcol.exporter.otlp.tempo,/,alloy:8080,alloy-metrics,go.opentelemetry.io/contrib/instrumentation/google.golang.org/grpc/otelgrpc,0.60.0,Export,opentelemetry.proto.collector.trace.v1.TraceService,grpc
2025-07-05 10:11:44,22587,rpc_client_response_size_bytes_count,otelcol.exporter.otlp.tempo,/,alloy:8080,alloy-metrics,go.opentelemetry.io/contrib/instrumentation/google.golang.org/grpc/otelgrpc,0.60.0,Export,opentelemetry.proto.collector.trace.v1.TraceService,grpc
2025-07-05 10:12:44,22641,rpc_client_response_size_bytes_count,otelcol.exporter.otlp.tempo,/,alloy:8080,alloy-metrics,go.opentelemetry.io/contrib/instrumentation/google.golang.org/grpc/otelgrpc,0.60.0,Export,opentelemetry.proto.collector.trace.v1.TraceService,grpc
2025-07-05 10:13:44,22693,rpc_client_response_size_bytes_count,otelcol.exporter.otlp.tempo,/,alloy:8080,alloy-metrics,go.opentelemetry.io/contrib/instrumentation/google.golang.org/grpc/otelgrpc,0.60.0,Export,opentelemetry.proto.collector.trace.v1.TraceService,grpc
2025-07-05 10:14:44,22848,rpc_client_response_size_bytes_count,otelcol.exporter.otlp.tempo,/,alloy:8080,alloy-metrics,go.opentelemetry.io/contrib/instrumentation/google.golang.org/grpc/otelgrpc,0.60.0,Export,opentelemetry.proto.collector.trace.v1.TraceService,grpc
2025-07-05 10:15:44,22994,rpc_client_response_size_bytes_count,otelcol.exporter.otlp.tempo,/,alloy:8080,alloy-metrics,go.opentelemetry.io/contrib/instrumentation/google.golang.org/grpc/otelgrpc,0.60.0,Export,opentelemetry.proto.collector.trace.v1.TraceService,grpc
2025-07-05 10:16:44,23066,rpc_client_response_size_bytes_count,otelcol.exporter.otlp.tempo,/,alloy:8080,alloy-metrics,go.opentelemetry.io/contrib/instrumentation/google.golang.org/grpc/otelgrpc,0.60.0,Export,opentelemetry.proto.collector.trace.v1.TraceService,grpc
2025-07-05 10:17:44,23133,rpc_client_response_size_bytes_count,otelcol.exporter.otlp.tempo,/,alloy:8080,alloy-metrics,go.opentelemetry.io/contrib/instrumentation/google.golang.org/grpc/otelgrpc,0.60.0,Export,opentelemetry.proto.collector.trace.v1.TraceService,grpc
2025-07-05 10:18:44,23251,rpc_client_response_size_bytes_count,otelcol.exporter.otlp.tempo,/,alloy:8080,alloy-metrics,go.opentelemetry.io/contrib/instrumentation/google.golang.org/grpc/otelgrpc,0.60.0,Export,opentelemetry.proto.collector.trace.v1.TraceService,grpc
2025-07-05 10:19:44,23405,rpc_client_response_size_bytes_count,otelcol.exporter.otlp.tempo,/,alloy:8080,alloy-metrics,go.opentelemetry.io/contrib/instrumentation/google.golang.org/grpc/otelgrpc,0.60.0,Export,opentelemetry.proto.collector.trace.v1.TraceService,grpc
2025-07-05 10:20:44,23572,rpc_client_response_size_bytes_count,otelcol.exporter.otlp.tempo,/,alloy:8080,alloy-metrics,go.opentelemetry.io/contrib/instrumentation/google.golang.org/grpc/otelgrpc,0.60.0,Export,opentelemetry.proto.collector.trace.v1.TraceService,grpc
2025-07-05 10:21:44,23754,rpc_client_response_size_bytes_count,otelcol.exporter.otlp.tempo,/,alloy:8080,alloy-metrics,go.opentelemetry.io/contrib/instrumentation/google.golang.org/grpc/otelgrpc,0.60.0,Export,opentelemetry.proto.collector.trace.v1.TraceService,grpc
2025-07-05 10:22:44,24059,rpc_client_response_size_bytes_count,otelcol.exporter.otlp.tempo,/,alloy:8080,alloy-metrics,go.opentelemetry.io/contrib/instrumentation/google.golang.org/grpc/otelgrpc,0.60.0,Export,opentelemetry.proto.collector.trace.v1.TraceService,grpc
2025-07-05 10:23:44,24262,rpc_client_response_size_bytes_count,otelcol.exporter.otlp.tempo,/,alloy:8080,alloy-metrics,go.opentelemetry.io/contrib/instrumentation/google.golang.org/grpc/otelgrpc,0.60.0,Export,opentelemetry.proto.collector.trace.v1.TraceService,grpc
2025-07-05 10:24:44,24482,rpc_client_response_size_bytes_count,otelcol.exporter.otlp.tempo,/,alloy:8080,alloy-metrics,go.opentelemetry.io/contrib/instrumentation/google.golang.org/grpc/otelgrpc,0.60.0,Export,opentelemetry.proto.collector.trace.v1.TraceService,grpc
2025-07-05 10:25:44,24718,rpc_client_response_size_bytes_count,otelcol.exporter.otlp.tempo,/,alloy:8080,alloy-metrics,go.opentelemetry.io/contrib/instrumentation/google.golang.org/grpc/otelgrpc,0.60.0,Export,opentelemetry.proto.collector.trace.v1.TraceService,grpc
2025-07-05 10:26:44,24901,rpc_client_response_size_bytes_count,otelcol.exporter.otlp.tempo,/,alloy:8080,alloy-metrics,go.opentelemetry.io/contrib/instrumentation/google.golang.org/grpc/otelgrpc,0.60.0,Export,opentelemetry.proto.collector.trace.v1.TraceService,grpc
2025-07-05 10:27:44,24901,rpc_client_response_size_bytes_count,otelcol.exporter.otlp.tempo,/,alloy:8080,alloy-metrics,go.opentelemetry.io/contrib/instrumentation/google.golang.org/grpc/otelgrpc,0.60.0,Export,opentelemetry.proto.collector.trace.v1.TraceService,grpc
2025-07-05 10:28:44,24901,rpc_client_response_size_bytes_count,otelcol.exporter.otlp.tempo,/,alloy:8080,alloy-metrics,go.opentelemetry.io/contrib/instrumentation/google.golang.org/grpc/otelgrpc,0.60.0,Export,opentelemetry.proto.collector.trace.v1.TraceService,grpc
2025-07-05 10:29:44,24941,rpc_client_response_size_bytes_count,otelcol.exporter.otlp.tempo,/,alloy:8080,alloy-metrics,go.opentelemetry.io/contrib/instrumentation/google.golang.org/grpc/otelgrpc,0.60.0,Export,opentelemetry.proto.collector.trace.v1.TraceService,grpc
2025-07-05 10:30:44,24964,rpc_client_response_size_bytes_count,otelcol.exporter.otlp.tempo,/,alloy:8080,alloy-metrics,go.opentelemetry.io/contrib/instrumentation/google.golang.org/grpc/otelgrpc,0.60.0,Export,opentelemetry.proto.collector.trace.v1.TraceService,grpc
2025-07-05 10:31:44,24964,rpc_client_response_size_bytes_count,otelcol.exporter.otlp.tempo,/,alloy:8080,alloy-metrics,go.opentelemetry.io/contrib/instrumentation/google.golang.org/grpc/otelgrpc,0.60.0,Export,opentelemetry.proto.collector.trace.v1.TraceService,grpc
2025-07-05 10:32:44,24964,rpc_client_response_size_bytes_count,otelcol.exporter.otlp.tempo,/,alloy:8080,alloy-metrics,go.opentelemetry.io/contrib/instrumentation/google.golang.org/grpc/otelgrpc,0.60.0,Export,opentelemetry.proto.collector.trace.v1.TraceService,grpc
2025-07-05 10:33:44,24964,rpc_client_response_size_bytes_count,otelcol.exporter.otlp.tempo,/,alloy:8080,alloy-metrics,go.opentelemetry.io/contrib/instrumentation/google.golang.org/grpc/otelgrpc,0.60.0,Export,opentelemetry.proto.collector.trace.v1.TraceService,grpc
2025-07-05 10:34:44,24964,rpc_client_response_size_bytes_count,otelcol.exporter.otlp.tempo,/,alloy:8080,alloy-metrics,go.opentelemetry.io/contrib/instrumentation/google.golang.org/grpc/otelgrpc,0.60.0,Export,opentelemetry.proto.collector.trace.v1.TraceService,grpc
2025-07-05 10:45:44,25034,rpc_client_response_size_bytes_count,otelcol.exporter.otlp.tempo,/,alloy:8080,alloy-metrics,go.opentelemetry.io/contrib/instrumentation/google.golang.org/grpc/otelgrpc,0.60.0,Export,opentelemetry.proto.collector.trace.v1.TraceService,grpc
2025-07-05 10:46:44,25089,rpc_client_response_size_bytes_count,otelcol.exporter.otlp.tempo,/,alloy:8080,alloy-metrics,go.opentelemetry.io/contrib/instrumentation/google.golang.org/grpc/otelgrpc,0.60.0,Export,opentelemetry.proto.collector.trace.v1.TraceService,grpc
2025-07-05 10:47:44,25089,rpc_client_response_size_bytes_count,otelcol.exporter.otlp.tempo,/,alloy:8080,alloy-metrics,go.opentelemetry.io/contrib/instrumentation/google.golang.org/grpc/otelgrpc,0.60.0,Export,opentelemetry.proto.collector.trace.v1.TraceService,grpc
2025-07-05 10:48:44,25325,rpc_client_response_size_bytes_count,otelcol.exporter.otlp.tempo,/,alloy:8080,alloy-metrics,go.opentelemetry.io/contrib/instrumentation/google.golang.org/grpc/otelgrpc,0.60.0,Export,opentelemetry.proto.collector.trace.v1.TraceService,grpc
2025-07-05 10:49:44,25563,rpc_client_response_size_bytes_count,otelcol.exporter.otlp.tempo,/,alloy:8080,alloy-metrics,go.opentelemetry.io/contrib/instrumentation/google.golang.org/grpc/otelgrpc,0.60.0,Export,opentelemetry.proto.collector.trace.v1.TraceService,grpc
2025-07-05 10:50:44,26001,rpc_client_response_size_bytes_count,otelcol.exporter.otlp.tempo,/,alloy:8080,alloy-metrics,go.opentelemetry.io/contrib/instrumentation/google.golang.org/grpc/otelgrpc,0.60.0,Export,opentelemetry.proto.collector.trace.v1.TraceService,grpc
2025-07-05 10:51:44,26365,rpc_client_response_size_bytes_count,otelcol.exporter.otlp.tempo,/,alloy:8080,alloy-metrics,go.opentelemetry.io/contrib/instrumentation/google.golang.org/grpc/otelgrpc,0.60.0,Export,opentelemetry.proto.collector.trace.v1.TraceService,grpc
2025-07-05 10:52:44,26656,rpc_client_response_size_bytes_count,otelcol.exporter.otlp.tempo,/,alloy:8080,alloy-metrics,go.opentelemetry.io/contrib/instrumentation/google.golang.org/grpc/otelgrpc,0.60.0,Export,opentelemetry.proto.collector.trace.v1.TraceService,grpc
2025-07-05 10:53:44,26831,rpc_client_response_size_bytes_count,otelcol.exporter.otlp.tempo,/,alloy:8080,alloy-metrics,go.opentelemetry.io/contrib/instrumentation/google.golang.org/grpc/otelgrpc,0.60.0,Export,opentelemetry.proto.collector.trace.v1.TraceService,grpc
2025-07-05 10:54:44,27002,rpc_client_response_size_bytes_count,otelcol.exporter.otlp.tempo,/,alloy:8080,alloy-metrics,go.opentelemetry.io/contrib/instrumentation/google.golang.org/grpc/otelgrpc,0.60.0,Export,opentelemetry.proto.collector.trace.v1.TraceService,grpc
2025-07-05 10:55:44,27215,rpc_client_response_size_bytes_count,otelcol.exporter.otlp.tempo,/,alloy:8080,alloy-metrics,go.opentelemetry.io/contrib/instrumentation/google.golang.org/grpc/otelgrpc,0.60.0,Export,opentelemetry.proto.collector.trace.v1.TraceService,grpc
2025-07-05 10:56:44,27500,rpc_client_response_size_bytes_count,otelcol.exporter.otlp.tempo,/,alloy:8080,alloy-metrics,go.opentelemetry.io/contrib/instrumentation/google.golang.org/grpc/otelgrpc,0.60.0,Export,opentelemetry.proto.collector.trace.v1.TraceService,grpc
2025-07-05 10:57:44,27711,rpc_client_response_size_bytes_count,otelcol.exporter.otlp.tempo,/,alloy:8080,alloy-metrics,go.opentelemetry.io/contrib/instrumentation/google.golang.org/grpc/otelgrpc,0.60.0,Export,opentelemetry.proto.collector.trace.v1.TraceService,grpc
2025-07-05 10:58:44,27840,rpc_client_response_size_bytes_count,otelcol.exporter.otlp.tempo,/,alloy:8080,alloy-metrics,go.opentelemetry.io/contrib/instrumentation/google.golang.org/grpc/otelgrpc,0.60.0,Export,opentelemetry.proto.collector.trace.v1.TraceService,grpc
2025-07-05 10:59:44,27960,rpc_client_response_size_bytes_count,otelcol.exporter.otlp.tempo,/,alloy:8080,alloy-metrics,go.opentelemetry.io/contrib/instrumentation/google.golang.org/grpc/otelgrpc,0.60.0,Export,opentelemetry.proto.collector.trace.v1.TraceService,grpc
2025-07-05 11:00:44,28084,rpc_client_response_size_bytes_count,otelcol.exporter.otlp.tempo,/,alloy:8080,alloy-metrics,go.opentelemetry.io/contrib/instrumentation/google.golang.org/grpc/otelgrpc,0.60.0,Export,opentelemetry.proto.collector.trace.v1.TraceService,grpc
2025-07-05 11:01:44,28176,rpc_client_response_size_bytes_count,otelcol.exporter.otlp.tempo,/,alloy:8080,alloy-metrics,go.opentelemetry.io/contrib/instrumentation/google.golang.org/grpc/otelgrpc,0.60.0,Export,opentelemetry.proto.collector.trace.v1.TraceService,grpc
2025-07-05 11:02:44,28326,rpc_client_response_size_bytes_count,otelcol.exporter.otlp.tempo,/,alloy:8080,alloy-metrics,go.opentelemetry.io/contrib/instrumentation/google.golang.org/grpc/otelgrpc,0.60.0,Export,opentelemetry.proto.collector.trace.v1.TraceService,grpc
2025-07-05 11:03:44,28531,rpc_client_response_size_bytes_count,otelcol.exporter.otlp.tempo,/,alloy:8080,alloy-metrics,go.opentelemetry.io/contrib/instrumentation/google.golang.org/grpc/otelgrpc,0.60.0,Export,opentelemetry.proto.collector.trace.v1.TraceService,grpc
2025-07-05 11:04:44,28735,rpc_client_response_size_bytes_count,otelcol.exporter.otlp.tempo,/,alloy:8080,alloy-metrics,go.opentelemetry.io/contrib/instrumentation/google.golang.org/grpc/otelgrpc,0.60.0,Export,opentelemetry.proto.collector.trace.v1.TraceService,grpc
2025-07-05 11:05:44,28960,rpc_client_response_size_bytes_count,otelcol.exporter.otlp.tempo,/,alloy:8080,alloy-metrics,go.opentelemetry.io/contrib/instrumentation/google.golang.org/grpc/otelgrpc,0.60.0,Export,opentelemetry.proto.collector.trace.v1.TraceService,grpc
2025-07-05 11:06:44,29234,rpc_client_response_size_bytes_count,otelcol.exporter.otlp.tempo,/,alloy:8080,alloy-metrics,go.opentelemetry.io/contrib/instrumentation/google.golang.org/grpc/otelgrpc,0.60.0,Export,opentelemetry.proto.collector.trace.v1.TraceService,grpc
2025-07-05 11:07:44,29454,rpc_client_response_size_bytes_count,otelcol.exporter.otlp.tempo,/,alloy:8080,alloy-metrics,go.opentelemetry.io/contrib/instrumentation/google.golang.org/grpc/otelgrpc,0.60.0,Export,opentelemetry.proto.collector.trace.v1.TraceService,grpc
2025-07-05 11:08:44,29626,rpc_client_response_size_bytes_count,otelcol.exporter.otlp.tempo,/,alloy:8080,alloy-metrics,go.opentelemetry.io/contrib/instrumentation/google.golang.org/grpc/otelgrpc,0.60.0,Export,opentelemetry.proto.collector.trace.v1.TraceService,grpc
2025-07-05 11:09:44,29955,rpc_client_response_size_bytes_count,otelcol.exporter.otlp.tempo,/,alloy:8080,alloy-metrics,go.opentelemetry.io/contrib/instrumentation/google.golang.org/grpc/otelgrpc,0.60.0,Export,opentelemetry.proto.collector.trace.v1.TraceService,grpc
2025-07-05 11:10:44,30205,rpc_client_response_size_bytes_count,otelcol.exporter.otlp.tempo,/,alloy:8080,alloy-metrics,go.opentelemetry.io/contrib/instrumentation/google.golang.org/grpc/otelgrpc,0.60.0,Export,opentelemetry.proto.collector.trace.v1.TraceService,grpc
2025-07-05 11:11:44,30377,rpc_client_response_size_bytes_count,otelcol.exporter.otlp.tempo,/,alloy:8080,alloy-metrics,go.opentelemetry.io/contrib/instrumentation/google.golang.org/grpc/otelgrpc,0.60.0,Export,opentelemetry.proto.collector.trace.v1.TraceService,grpc
2025-07-05 11:12:44,30523,rpc_client_response_size_bytes_count,otelcol.exporter.otlp.tempo,/,alloy:8080,alloy-metrics,go.opentelemetry.io/contrib/instrumentation/google.golang.org/grpc/otelgrpc,0.60.0,Export,opentelemetry.proto.collector.trace.v1.TraceService,grpc
2025-07-05 11:13:44,30699,rpc_client_response_size_bytes_count,otelcol.exporter.otlp.tempo,/,alloy:8080,alloy-metrics,go.opentelemetry.io/contrib/instrumentation/google.golang.org/grpc/otelgrpc,0.60.0,Export,opentelemetry.proto.collector.trace.v1.TraceService,grpc
2025-07-05 11:14:44,30821,rpc_client_response_size_bytes_count,otelcol.exporter.otlp.tempo,/,alloy:8080,alloy-metrics,go.opentelemetry.io/contrib/instrumentation/google.golang.org/grpc/otelgrpc,0.60.0,Export,opentelemetry.proto.collector.trace.v1.TraceService,grpc
2025-07-05 11:15:44,30868,rpc_client_response_size_bytes_count,otelcol.exporter.otlp.tempo,/,alloy:8080,alloy-metrics,go.opentelemetry.io/contrib/instrumentation/google.golang.org/grpc/otelgrpc,0.60.0,Export,opentelemetry.proto.collector.trace.v1.TraceService,grpc
2025-07-05 11:16:44,31017,rpc_client_response_size_bytes_count,otelcol.exporter.otlp.tempo,/,alloy:8080,alloy-metrics,go.opentelemetry.io/contrib/instrumentation/google.golang.org/grpc/otelgrpc,0.60.0,Export,opentelemetry.proto.collector.trace.v1.TraceService,grpc
2025-07-05 11:17:44,31095,rpc_client_response_size_bytes_count,otelcol.exporter.otlp.tempo,/,alloy:8080,alloy-metrics,go.opentelemetry.io/contrib/instrumentation/google.golang.org/grpc/otelgrpc,0.60.0,Export,opentelemetry.proto.collector.trace.v1.TraceService,grpc
2025-07-05 11:18:44,31248,rpc_client_response_size_bytes_count,otelcol.exporter.otlp.tempo,/,alloy:8080,alloy-metrics,go.opentelemetry.io/contrib/instrumentation/google.golang.org/grpc/otelgrpc,0.60.0,Export,opentelemetry.proto.collector.trace.v1.TraceService,grpc
2025-07-05 11:19:44,31516,rpc_client_response_size_bytes_count,otelcol.exporter.otlp.tempo,/,alloy:8080,alloy-metrics,go.opentelemetry.io/contrib/instrumentation/google.golang.org/grpc/otelgrpc,0.60.0,Export,opentelemetry.proto.collector.trace.v1.TraceService,grpc
2025-07-05 11:20:44,31710,rpc_client_response_size_bytes_count,otelcol.exporter.otlp.tempo,/,alloy:8080,alloy-metrics,go.opentelemetry.io/contrib/instrumentation/google.golang.org/grpc/otelgrpc,0.60.0,Export,opentelemetry.proto.collector.trace.v1.TraceService,grpc
2025-07-05 11:21:44,31875,rpc_client_response_size_bytes_count,otelcol.exporter.otlp.tempo,/,alloy:8080,alloy-metrics,go.opentelemetry.io/contrib/instrumentation/google.golang.org/grpc/otelgrpc,0.60.0,Export,opentelemetry.proto.collector.trace.v1.TraceService,grpc
2025-07-05 11:22:44,32028,rpc_client_response_size_bytes_count,otelcol.exporter.otlp.tempo,/,alloy:8080,alloy-metrics,go.opentelemetry.io/contrib/instrumentation/google.golang.org/grpc/otelgrpc,0.60.0,Export,opentelemetry.proto.collector.trace.v1.TraceService,grpc
2025-07-05 11:23:44,32165,rpc_client_response_size_bytes_count,otelcol.exporter.otlp.tempo,/,alloy:8080,alloy-metrics,go.opentelemetry.io/contrib/instrumentation/google.golang.org/grpc/otelgrpc,0.60.0,Export,opentelemetry.proto.collector.trace.v1.TraceService,grpc
2025-07-05 11:24:44,32392,rpc_client_response_size_bytes_count,otelcol.exporter.otlp.tempo,/,alloy:8080,alloy-metrics,go.opentelemetry.io/contrib/instrumentation/google.golang.org/grpc/otelgrpc,0.60.0,Export,opentelemetry.proto.collector.trace.v1.TraceService,grpc
2025-07-05 11:25:44,32628,rpc_client_response_size_bytes_count,otelcol.exporter.otlp.tempo,/,alloy:8080,alloy-metrics,go.opentelemetry.io/contrib/instrumentation/google.golang.org/grpc/otelgrpc,0.60.0,Export,opentelemetry.proto.collector.trace.v1.TraceService,grpc
2025-07-05 11:26:44,32829,rpc_client_response_size_bytes_count,otelcol.exporter.otlp.tempo,/,alloy:8080,alloy-metrics,go.opentelemetry.io/contrib/instrumentation/google.golang.org/grpc/otelgrpc,0.60.0,Export,opentelemetry.proto.collector.trace.v1.TraceService,grpc
2025-07-05 11:27:44,33032,rpc_client_response_size_bytes_count,otelcol.exporter.otlp.tempo,/,alloy:8080,alloy-metrics,go.opentelemetry.io/contrib/instrumentation/google.golang.org/grpc/otelgrpc,0.60.0,Export,opentelemetry.proto.collector.trace.v1.TraceService,grpc
2025-07-05 11:28:44,33145,rpc_client_response_size_bytes_count,otelcol.exporter.otlp.tempo,/,alloy:8080,alloy-metrics,go.opentelemetry.io/contrib/instrumentation/google.golang.org/grpc/otelgrpc,0.60.0,Export,opentelemetry.proto.collector.trace.v1.TraceService,grpc
2025-07-05 11:29:44,33271,rpc_client_response_size_bytes_count,otelcol.exporter.otlp.tempo,/,alloy:8080,alloy-metrics,go.opentelemetry.io/contrib/instrumentation/google.golang.org/grpc/otelgrpc,0.60.0,Export,opentelemetry.proto.collector.trace.v1.TraceService,grpc
2025-07-05 11:30:44,33421,rpc_client_response_size_bytes_count,otelcol.exporter.otlp.tempo,/,alloy:8080,alloy-metrics,go.opentelemetry.io/contrib/instrumentation/google.golang.org/grpc/otelgrpc,0.60.0,Export,opentelemetry.proto.collector.trace.v1.TraceService,grpc
2025-07-05 11:31:44,33505,rpc_client_response_size_bytes_count,otelcol.exporter.otlp.tempo,/,alloy:8080,alloy-metrics,go.opentelemetry.io/contrib/instrumentation/google.golang.org/grpc/otelgrpc,0.60.0,Export,opentelemetry.proto.collector.trace.v1.TraceService,grpc
2025-07-05 11:32:44,33505,rpc_client_response_size_bytes_count,otelcol.exporter.otlp.tempo,/,alloy:8080,alloy-metrics,go.opentelemetry.io/contrib/instrumentation/google.golang.org/grpc/otelgrpc,0.60.0,Export,opentelemetry.proto.collector.trace.v1.TraceService,grpc
2025-07-05 11:33:44,33591,rpc_client_response_size_bytes_count,otelcol.exporter.otlp.tempo,/,alloy:8080,alloy-metrics,go.opentelemetry.io/contrib/instrumentation/google.golang.org/grpc/otelgrpc,0.60.0,Export,opentelemetry.proto.collector.trace.v1.TraceService,grpc
2025-07-05 11:34:44,33677,rpc_client_response_size_bytes_count,otelcol.exporter.otlp.tempo,/,alloy:8080,alloy-metrics,go.opentelemetry.io/contrib/instrumentation/google.golang.org/grpc/otelgrpc,0.60.0,Export,opentelemetry.proto.collector.trace.v1.TraceService,grpc
2025-07-05 11:35:44,33677,rpc_client_response_size_bytes_count,otelcol.exporter.otlp.tempo,/,alloy:8080,alloy-metrics,go.opentelemetry.io/contrib/instrumentation/google.golang.org/grpc/otelgrpc,0.60.0,Export,opentelemetry.proto.collector.trace.v1.TraceService,grpc
2025-07-05 11:36:44,33677,rpc_client_response_size_bytes_count,otelcol.exporter.otlp.tempo,/,alloy:8080,alloy-metrics,go.opentelemetry.io/contrib/instrumentation/google.golang.org/grpc/otelgrpc,0.60.0,Export,opentelemetry.proto.collector.trace.v1.TraceService,grpc
2025-07-05 11:37:44,33718,rpc_client_response_size_bytes_count,otelcol.exporter.otlp.tempo,/,alloy:8080,alloy-metrics,go.opentelemetry.io/contrib/instrumentation/google.golang.org/grpc/otelgrpc,0.60.0,Export,opentelemetry.proto.collector.trace.v1.TraceService,grpc
2025-07-05 11:38:44,33794,rpc_client_response_size_bytes_count,otelcol.exporter.otlp.tempo,/,alloy:8080,alloy-metrics,go.opentelemetry.io/contrib/instrumentation/google.golang.org/grpc/otelgrpc,0.60.0,Export,opentelemetry.proto.collector.trace.v1.TraceService,grpc
2025-07-05 11:39:44,33885,rpc_client_response_size_bytes_count,otelcol.exporter.otlp.tempo,/,alloy:8080,alloy-metrics,go.opentelemetry.io/contrib/instrumentation/google.golang.org/grpc/otelgrpc,0.60.0,Export,opentelemetry.proto.collector.trace.v1.TraceService,grpc
2025-07-05 11:40:44,33885,rpc_client_response_size_bytes_count,otelcol.exporter.otlp.tempo,/,alloy:8080,alloy-metrics,go.opentelemetry.io/contrib/instrumentation/google.golang.org/grpc/otelgrpc,0.60.0,Export,opentelemetry.proto.collector.trace.v1.TraceService,grpc
2025-07-05 11:41:44,33982,rpc_client_response_size_bytes_count,otelcol.exporter.otlp.tempo,/,alloy:8080,alloy-metrics,go.opentelemetry.io/contrib/instrumentation/google.golang.org/grpc/otelgrpc,0.60.0,Export,opentelemetry.proto.collector.trace.v1.TraceService,grpc
2025-07-05 11:42:44,34097,rpc_client_response_size_bytes_count,otelcol.exporter.otlp.tempo,/,alloy:8080,alloy-metrics,go.opentelemetry.io/contrib/instrumentation/google.golang.org/grpc/otelgrpc,0.60.0,Export,opentelemetry.proto.collector.trace.v1.TraceService,grpc
2025-07-05 11:43:44,34121,rpc_client_response_size_bytes_count,otelcol.exporter.otlp.tempo,/,alloy:8080,alloy-metrics,go.opentelemetry.io/contrib/instrumentation/google.golang.org/grpc/otelgrpc,0.60.0,Export,opentelemetry.proto.collector.trace.v1.TraceService,grpc
2025-07-05 11:44:44,34121,rpc_client_response_size_bytes_count,otelcol.exporter.otlp.tempo,/,alloy:8080,alloy-metrics,go.opentelemetry.io/contrib/instrumentation/google.golang.org/grpc/otelgrpc,0.60.0,Export,opentelemetry.proto.collector.trace.v1.TraceService,grpc
2025-07-05 11:45:44,34121,rpc_client_response_size_bytes_count,otelcol.exporter.otlp.tempo,/,alloy:8080,alloy-metrics,go.opentelemetry.io/contrib/instrumentation/google.golang.org/grpc/otelgrpc,0.60.0,Export,opentelemetry.proto.collector.trace.v1.TraceService,grpc
2025-07-05 11:46:44,34121,rpc_client_response_size_bytes_count,otelcol.exporter.otlp.tempo,/,alloy:8080,alloy-metrics,go.opentelemetry.io/contrib/instrumentation/google.golang.org/grpc/otelgrpc,0.60.0,Export,opentelemetry.proto.collector.trace.v1.TraceService,grpc
2025-07-05 11:47:44,34121,rpc_client_response_size_bytes_count,otelcol.exporter.otlp.tempo,/,alloy:8080,alloy-metrics,go.opentelemetry.io/contrib/instrumentation/google.golang.org/grpc/otelgrpc,0.60.0,Export,opentelemetry.proto.collector.trace.v1.TraceService,grpc
2025-07-05 11:49:44,34178,rpc_client_response_size_bytes_count,otelcol.exporter.otlp.tempo,/,alloy:8080,alloy-metrics,go.opentelemetry.io/contrib/instrumentation/google.golang.org/grpc/otelgrpc,0.60.0,Export,opentelemetry.proto.collector.trace.v1.TraceService,grpc
2025-07-05 11:50:44,34215,rpc_client_response_size_bytes_count,otelcol.exporter.otlp.tempo,/,alloy:8080,alloy-metrics,go.opentelemetry.io/contrib/instrumentation/google.golang.org/grpc/otelgrpc,0.60.0,Export,opentelemetry.proto.collector.trace.v1.TraceService,grpc
2025-07-05 11:51:44,34215,rpc_client_response_size_bytes_count,otelcol.exporter.otlp.tempo,/,alloy:8080,alloy-metrics,go.opentelemetry.io/contrib/instrumentation/google.golang.org/grpc/otelgrpc,0.60.0,Export,opentelemetry.proto.collector.trace.v1.TraceService,grpc
2025-07-05 11:52:44,34215,rpc_client_response_size_bytes_count,otelcol.exporter.otlp.tempo,/,alloy:8080,alloy-metrics,go.opentelemetry.io/contrib/instrumentation/google.golang.org/grpc/otelgrpc,0.60.0,Export,opentelemetry.proto.collector.trace.v1.TraceService,grpc
2025-07-05 11:53:44,34215,rpc_client_response_size_bytes_count,otelcol.exporter.otlp.tempo,/,alloy:8080,alloy-metrics,go.opentelemetry.io/contrib/instrumentation/google.golang.org/grpc/otelgrpc,0.60.0,Export,opentelemetry.proto.collector.trace.v1.TraceService,grpc
2025-07-05 11:54:44,34215,rpc_client_response_size_bytes_count,otelcol.exporter.otlp.tempo,/,alloy:8080,alloy-metrics,go.opentelemetry.io/contrib/instrumentation/google.golang.org/grpc/otelgrpc,0.60.0,Export,opentelemetry.proto.collector.trace.v1.TraceService,grpc
2025-07-05 12:06:44,34409,rpc_client_response_size_bytes_count,otelcol.exporter.otlp.tempo,/,alloy:8080,alloy-metrics,go.opentelemetry.io/contrib/instrumentation/google.golang.org/grpc/otelgrpc,0.60.0,Export,opentelemetry.proto.collector.trace.v1.TraceService,grpc
2025-07-05 12:07:44,34622,rpc_client_response_size_bytes_count,otelcol.exporter.otlp.tempo,/,alloy:8080,alloy-metrics,go.opentelemetry.io/contrib/instrumentation/google.golang.org/grpc/otelgrpc,0.60.0,Export,opentelemetry.proto.collector.trace.v1.TraceService,grpc
2025-07-05 12:08:44,34737,rpc_client_response_size_bytes_count,otelcol.exporter.otlp.tempo,/,alloy:8080,alloy-metrics,go.opentelemetry.io/contrib/instrumentation/google.golang.org/grpc/otelgrpc,0.60.0,Export,opentelemetry.proto.collector.trace.v1.TraceService,grpc
2025-07-05 12:09:44,34878,rpc_client_response_size_bytes_count,otelcol.exporter.otlp.tempo,/,alloy:8080,alloy-metrics,go.opentelemetry.io/contrib/instrumentation/google.golang.org/grpc/otelgrpc,0.60.0,Export,opentelemetry.proto.collector.trace.v1.TraceService,grpc
2025-07-05 12:10:44,35096,rpc_client_response_size_bytes_count,otelcol.exporter.otlp.tempo,/,alloy:8080,alloy-metrics,go.opentelemetry.io/contrib/instrumentation/google.golang.org/grpc/otelgrpc,0.60.0,Export,opentelemetry.proto.collector.trace.v1.TraceService,grpc
2025-07-05 12:11:44,35412,rpc_client_response_size_bytes_count,otelcol.exporter.otlp.tempo,/,alloy:8080,alloy-metrics,go.opentelemetry.io/contrib/instrumentation/google.golang.org/grpc/otelgrpc,0.60.0,Export,opentelemetry.proto.collector.trace.v1.TraceService,grpc
2025-07-05 12:12:44,35854,rpc_client_response_size_bytes_count,otelcol.exporter.otlp.tempo,/,alloy:8080,alloy-metrics,go.opentelemetry.io/contrib/instrumentation/google.golang.org/grpc/otelgrpc,0.60.0,Export,opentelemetry.proto.collector.trace.v1.TraceService,grpc
2025-07-05 12:13:44,35854,rpc_client_response_size_bytes_count,otelcol.exporter.otlp.tempo,/,alloy:8080,alloy-metrics,go.opentelemetry.io/contrib/instrumentation/google.golang.org/grpc/otelgrpc,0.60.0,Export,opentelemetry.proto.collector.trace.v1.TraceService,grpc
2025-07-05 12:14:44,35854,rpc_client_response_size_bytes_count,otelcol.exporter.otlp.tempo,/,alloy:8080,alloy-metrics,go.opentelemetry.io/contrib/instrumentation/google.golang.org/grpc/otelgrpc,0.60.0,Export,opentelemetry.proto.collector.trace.v1.TraceService,grpc
2025-07-05 12:15:44,35854,rpc_client_response_size_bytes_count,otelcol.exporter.otlp.tempo,/,alloy:8080,alloy-metrics,go.opentelemetry.io/contrib/instrumentation/google.golang.org/grpc/otelgrpc,0.60.0,Export,opentelemetry.proto.collector.trace.v1.TraceService,grpc
2025-07-05 12:16:44,35854,rpc_client_response_size_bytes_count,otelcol.exporter.otlp.tempo,/,alloy:8080,alloy-metrics,go.opentelemetry.io/contrib/instrumentation/google.golang.org/grpc/otelgrpc,0.60.0,Export,opentelemetry.proto.collector.trace.v1.TraceService,grpc
2025-07-05 12:17:44,36094,rpc_client_response_size_bytes_count,otelcol.exporter.otlp.tempo,/,alloy:8080,alloy-metrics,go.opentelemetry.io/contrib/instrumentation/google.golang.org/grpc/otelgrpc,0.60.0,Export,opentelemetry.proto.collector.trace.v1.TraceService,grpc
2025-07-05 12:18:44,36094,rpc_client_response_size_bytes_count,otelcol.exporter.otlp.tempo,/,alloy:8080,alloy-metrics,go.opentelemetry.io/contrib/instrumentation/google.golang.org/grpc/otelgrpc,0.60.0,Export,opentelemetry.proto.collector.trace.v1.TraceService,grpc
2025-07-05 12:19:44,36094,rpc_client_response_size_bytes_count,otelcol.exporter.otlp.tempo,/,alloy:8080,alloy-metrics,go.opentelemetry.io/contrib/instrumentation/google.golang.org/grpc/otelgrpc,0.60.0,Export,opentelemetry.proto.collector.trace.v1.TraceService,grpc
2025-07-05 12:20:44,36094,rpc_client_response_size_bytes_count,otelcol.exporter.otlp.tempo,/,alloy:8080,alloy-metrics,go.opentelemetry.io/contrib/instrumentation/google.golang.org/grpc/otelgrpc,0.60.0,Export,opentelemetry.proto.collector.trace.v1.TraceService,grpc
2025-07-05 12:21:44,36094,rpc_client_response_size_bytes_count,otelcol.exporter.otlp.tempo,/,alloy:8080,alloy-metrics,go.opentelemetry.io/contrib/instrumentation/google.golang.org/grpc/otelgrpc,0.60.0,Export,opentelemetry.proto.collector.trace.v1.TraceService,grpc
2025-07-05 12:22:44,36545,rpc_client_response_size_bytes_count,otelcol.exporter.otlp.tempo,/,alloy:8080,alloy-metrics,go.opentelemetry.io/contrib/instrumentation/google.golang.org/grpc/otelgrpc,0.60.0,Export,opentelemetry.proto.collector.trace.v1.TraceService,grpc
2025-07-05 12:23:44,36545,rpc_client_response_size_bytes_count,otelcol.exporter.otlp.tempo,/,alloy:8080,alloy-metrics,go.opentelemetry.io/contrib/instrumentation/google.golang.org/grpc/otelgrpc,0.60.0,Export,opentelemetry.proto.collector.trace.v1.TraceService,grpc
2025-07-05 12:24:44,36545,rpc_client_response_size_bytes_count,otelcol.exporter.otlp.tempo,/,alloy:8080,alloy-metrics,go.opentelemetry.io/contrib/instrumentation/google.golang.org/grpc/otelgrpc,0.60.0,Export,opentelemetry.proto.collector.trace.v1.TraceService,grpc
2025-07-05 12:25:44,36545,rpc_client_response_size_bytes_count,otelcol.exporter.otlp.tempo,/,alloy:8080,alloy-metrics,go.opentelemetry.io/contrib/instrumentation/google.golang.org/grpc/otelgrpc,0.60.0,Export,opentelemetry.proto.collector.trace.v1.TraceService,grpc
2025-07-05 12:26:44,36545,rpc_client_response_size_bytes_count,otelcol.exporter.otlp.tempo,/,alloy:8080,alloy-metrics,go.opentelemetry.io/contrib/instrumentation/google.golang.org/grpc/otelgrpc,0.60.0,Export,opentelemetry.proto.collector.trace.v1.TraceService,grpc
2025-07-05 12:27:44,36808,rpc_client_response_size_bytes_count,otelcol.exporter.otlp.tempo,/,alloy:8080,alloy-metrics,go.opentelemetry.io/contrib/instrumentation/google.golang.org/grpc/otelgrpc,0.60.0,Export,opentelemetry.proto.collector.trace.v1.TraceService,grpc
2025-07-05 12:28:44,36808,rpc_client_response_size_bytes_count,otelcol.exporter.otlp.tempo,/,alloy:8080,alloy-metrics,go.opentelemetry.io/contrib/instrumentation/google.golang.org/grpc/otelgrpc,0.60.0,Export,opentelemetry.proto.collector.trace.v1.TraceService,grpc
2025-07-05 12:29:44,36932,rpc_client_response_size_bytes_count,otelcol.exporter.otlp.tempo,/,alloy:8080,alloy-metrics,go.opentelemetry.io/contrib/instrumentation/google.golang.org/grpc/otelgrpc,0.60.0,Export,opentelemetry.proto.collector.trace.v1.TraceService,grpc
2025-07-05 12:30:44,37356,rpc_client_response_size_bytes_count,otelcol.exporter.otlp.tempo,/,alloy:8080,alloy-metrics,go.opentelemetry.io/contrib/instrumentation/google.golang.org/grpc/otelgrpc,0.60.0,Export,opentelemetry.proto.collector.trace.v1.TraceService,grpc
2025-07-05 12:31:44,37666,rpc_client_response_size_bytes_count,otelcol.exporter.otlp.tempo,/,alloy:8080,alloy-metrics,go.opentelemetry.io/contrib/instrumentation/google.golang.org/grpc/otelgrpc,0.60.0,Export,opentelemetry.proto.collector.trace.v1.TraceService,grpc
2025-07-05 12:32:44,37879,rpc_client_response_size_bytes_count,otelcol.exporter.otlp.tempo,/,alloy:8080,alloy-metrics,go.opentelemetry.io/contrib/instrumentation/google.golang.org/grpc/otelgrpc,0.60.0,Export,opentelemetry.proto.collector.trace.v1.TraceService,grpc
2025-07-05 12:33:44,37926,rpc_client_response_size_bytes_count,otelcol.exporter.otlp.tempo,/,alloy:8080,alloy-metrics,go.opentelemetry.io/contrib/instrumentation/google.golang.org/grpc/otelgrpc,0.60.0,Export,opentelemetry.proto.collector.trace.v1.TraceService,grpc
2025-07-05 12:34:44,37926,rpc_client_response_size_bytes_count,otelcol.exporter.otlp.tempo,/,alloy:8080,alloy-metrics,go.opentelemetry.io/contrib/instrumentation/google.golang.org/grpc/otelgrpc,0.60.0,Export,opentelemetry.proto.collector.trace.v1.TraceService,grpc
2025-07-05 12:35:44,37926,rpc_client_response_size_bytes_count,otelcol.exporter.otlp.tempo,/,alloy:8080,alloy-metrics,go.opentelemetry.io/contrib/instrumentation/google.golang.org/grpc/otelgrpc,0.60.0,Export,opentelemetry.proto.collector.trace.v1.TraceService,grpc
2025-07-05 12:36:44,37969,rpc_client_response_size_bytes_count,otelcol.exporter.otlp.tempo,/,alloy:8080,alloy-metrics,go.opentelemetry.io/contrib/instrumentation/google.golang.org/grpc/otelgrpc,0.60.0,Export,opentelemetry.proto.collector.trace.v1.TraceService,grpc
2025-07-05 12:37:44,38091,rpc_client_response_size_bytes_count,otelcol.exporter.otlp.tempo,/,alloy:8080,alloy-metrics,go.opentelemetry.io/contrib/instrumentation/google.golang.org/grpc/otelgrpc,0.60.0,Export,opentelemetry.proto.collector.trace.v1.TraceService,grpc
2025-07-05 12:38:44,38091,rpc_client_response_size_bytes_count,otelcol.exporter.otlp.tempo,/,alloy:8080,alloy-metrics,go.opentelemetry.io/contrib/instrumentation/google.golang.org/grpc/otelgrpc,0.60.0,Export,opentelemetry.proto.collector.trace.v1.TraceService,grpc
2025-07-05 12:39:44,38091,rpc_client_response_size_bytes_count,otelcol.exporter.otlp.tempo,/,alloy:8080,alloy-metrics,go.opentelemetry.io/contrib/instrumentation/google.golang.org/grpc/otelgrpc,0.60.0,Export,opentelemetry.proto.collector.trace.v1.TraceService,grpc
2025-07-05 12:40:44,38091,rpc_client_response_size_bytes_count,otelcol.exporter.otlp.tempo,/,alloy:8080,alloy-metrics,go.opentelemetry.io/contrib/instrumentation/google.golang.org/grpc/otelgrpc,0.60.0,Export,opentelemetry.proto.collector.trace.v1.TraceService,grpc
2025-07-05 12:41:44,38168,rpc_client_response_size_bytes_count,otelcol.exporter.otlp.tempo,/,alloy:8080,alloy-metrics,go.opentelemetry.io/contrib/instrumentation/google.golang.org/grpc/otelgrpc,0.60.0,Export,opentelemetry.proto.collector.trace.v1.TraceService,grpc
2025-07-05 12:42:44,38168,rpc_client_response_size_bytes_count,otelcol.exporter.otlp.tempo,/,alloy:8080,alloy-metrics,go.opentelemetry.io/contrib/instrumentation/google.golang.org/grpc/otelgrpc,0.60.0,Export,opentelemetry.proto.collector.trace.v1.TraceService,grpc
2025-07-05 12:43:44,38168,rpc_client_response_size_bytes_count,otelcol.exporter.otlp.tempo,/,alloy:8080,alloy-metrics,go.opentelemetry.io/contrib/instrumentation/google.golang.org/grpc/otelgrpc,0.60.0,Export,opentelemetry.proto.collector.trace.v1.TraceService,grpc
2025-07-05 12:44:44,38168,rpc_client_response_size_bytes_count,otelcol.exporter.otlp.tempo,/,alloy:8080,alloy-metrics,go.opentelemetry.io/contrib/instrumentation/google.golang.org/grpc/otelgrpc,0.60.0,Export,opentelemetry.proto.collector.trace.v1.TraceService,grpc
2025-07-05 12:45:44,38168,rpc_client_response_size_bytes_count,otelcol.exporter.otlp.tempo,/,alloy:8080,alloy-metrics,go.opentelemetry.io/contrib/instrumentation/google.golang.org/grpc/otelgrpc,0.60.0,Export,opentelemetry.proto.collector.trace.v1.TraceService,grpc
2025-07-05 12:46:44,38354,rpc_client_response_size_bytes_count,otelcol.exporter.otlp.tempo,/,alloy:8080,alloy-metrics,go.opentelemetry.io/contrib/instrumentation/google.golang.org/grpc/otelgrpc,0.60.0,Export,opentelemetry.proto.collector.trace.v1.TraceService,grpc
2025-07-05 12:47:44,38616,rpc_client_response_size_bytes_count,otelcol.exporter.otlp.tempo,/,alloy:8080,alloy-metrics,go.opentelemetry.io/contrib/instrumentation/google.golang.org/grpc/otelgrpc,0.60.0,Export,opentelemetry.proto.collector.trace.v1.TraceService,grpc
2025-07-05 12:48:44,38908,rpc_client_response_size_bytes_count,otelcol.exporter.otlp.tempo,/,alloy:8080,alloy-metrics,go.opentelemetry.io/contrib/instrumentation/google.golang.org/grpc/otelgrpc,0.60.0,Export,opentelemetry.proto.collector.trace.v1.TraceService,grpc
2025-07-05 12:49:44,39037,rpc_client_response_size_bytes_count,otelcol.exporter.otlp.tempo,/,alloy:8080,alloy-metrics,go.opentelemetry.io/contrib/instrumentation/google.golang.org/grpc/otelgrpc,0.60.0,Export,opentelemetry.proto.collector.trace.v1.TraceService,grpc
2025-07-05 12:50:44,39168,rpc_client_response_size_bytes_count,otelcol.exporter.otlp.tempo,/,alloy:8080,alloy-metrics,go.opentelemetry.io/contrib/instrumentation/google.golang.org/grpc/otelgrpc,0.60.0,Export,opentelemetry.proto.collector.trace.v1.TraceService,grpc
2025-07-05 12:51:44,39360,rpc_client_response_size_bytes_count,otelcol.exporter.otlp.tempo,/,alloy:8080,alloy-metrics,go.opentelemetry.io/contrib/instrumentation/google.golang.org/grpc/otelgrpc,0.60.0,Export,opentelemetry.proto.collector.trace.v1.TraceService,grpc
2025-07-05 12:52:44,39608,rpc_client_response_size_bytes_count,otelcol.exporter.otlp.tempo,/,alloy:8080,alloy-metrics,go.opentelemetry.io/contrib/instrumentation/google.golang.org/grpc/otelgrpc,0.60.0,Export,opentelemetry.proto.collector.trace.v1.TraceService,grpc
2025-07-05 12:53:44,39608,rpc_client_response_size_bytes_count,otelcol.exporter.otlp.tempo,/,alloy:8080,alloy-metrics,go.opentelemetry.io/contrib/instrumentation/google.golang.org/grpc/otelgrpc,0.60.0,Export,opentelemetry.proto.collector.trace.v1.TraceService,grpc
2025-07-05 12:54:44,39608,rpc_client_response_size_bytes_count,otelcol.exporter.otlp.tempo,/,alloy:8080,alloy-metrics,go.opentelemetry.io/contrib/instrumentation/google.golang.org/grpc/otelgrpc,0.60.0,Export,opentelemetry.proto.collector.trace.v1.TraceService,grpc
2025-07-05 12:55:44,39700,rpc_client_response_size_bytes_count,otelcol.exporter.otlp.tempo,/,alloy:8080,alloy-metrics,go.opentelemetry.io/contrib/instrumentation/google.golang.org/grpc/otelgrpc,0.60.0,Export,opentelemetry.proto.collector.trace.v1.TraceService,grpc
2025-07-05 12:56:44,39972,rpc_client_response_size_bytes_count,otelcol.exporter.otlp.tempo,/,alloy:8080,alloy-metrics,go.opentelemetry.io/contrib/instrumentation/google.golang.org/grpc/otelgrpc,0.60.0,Export,opentelemetry.proto.collector.trace.v1.TraceService,grpc
2025-07-05 12:57:44,39972,rpc_client_response_size_bytes_count,otelcol.exporter.otlp.tempo,/,alloy:8080,alloy-metrics,go.opentelemetry.io/contrib/instrumentation/google.golang.org/grpc/otelgrpc,0.60.0,Export,opentelemetry.proto.collector.trace.v1.TraceService,grpc
2025-07-05 12:58:44,39972,rpc_client_response_size_bytes_count,otelcol.exporter.otlp.tempo,/,alloy:8080,alloy-metrics,go.opentelemetry.io/contrib/instrumentation/google.golang.org/grpc/otelgrpc,0.60.0,Export,opentelemetry.proto.collector.trace.v1.TraceService,grpc
2025-07-05 12:59:44,39972,rpc_client_response_size_bytes_count,otelcol.exporter.otlp.tempo,/,alloy:8080,alloy-metrics,go.opentelemetry.io/contrib/instrumentation/google.golang.org/grpc/otelgrpc,0.60.0,Export,opentelemetry.proto.collector.trace.v1.TraceService,grpc
2025-07-05 13:00:44,40053,rpc_client_response_size_bytes_count,otelcol.exporter.otlp.tempo,/,alloy:8080,alloy-metrics,go.opentelemetry.io/contrib/instrumentation/google.golang.org/grpc/otelgrpc,0.60.0,Export,opentelemetry.proto.collector.trace.v1.TraceService,grpc
2025-07-05 13:01:44,40126,rpc_client_response_size_bytes_count,otelcol.exporter.otlp.tempo,/,alloy:8080,alloy-metrics,go.opentelemetry.io/contrib/instrumentation/google.golang.org/grpc/otelgrpc,0.60.0,Export,opentelemetry.proto.collector.trace.v1.TraceService,grpc
2025-07-05 13:02:44,40126,rpc_client_response_size_bytes_count,otelcol.exporter.otlp.tempo,/,alloy:8080,alloy-metrics,go.opentelemetry.io/contrib/instrumentation/google.golang.org/grpc/otelgrpc,0.60.0,Export,opentelemetry.proto.collector.trace.v1.TraceService,grpc
2025-07-05 13:03:44,40126,rpc_client_response_size_bytes_count,otelcol.exporter.otlp.tempo,/,alloy:8080,alloy-metrics,go.opentelemetry.io/contrib/instrumentation/google.golang.org/grpc/otelgrpc,0.60.0,Export,opentelemetry.proto.collector.trace.v1.TraceService,grpc
2025-07-05 13:04:44,40126,rpc_client_response_size_bytes_count,otelcol.exporter.otlp.tempo,/,alloy:8080,alloy-metrics,go.opentelemetry.io/contrib/instrumentation/google.golang.org/grpc/otelgrpc,0.60.0,Export,opentelemetry.proto.collector.trace.v1.TraceService,grpc
2025-07-05 13:05:44,40363,rpc_client_response_size_bytes_count,otelcol.exporter.otlp.tempo,/,alloy:8080,alloy-metrics,go.opentelemetry.io/contrib/instrumentation/google.golang.org/grpc/otelgrpc,0.60.0,Export,opentelemetry.proto.collector.trace.v1.TraceService,grpc
2025-07-05 13:06:44,40363,rpc_client_response_size_bytes_count,otelcol.exporter.otlp.tempo,/,alloy:8080,alloy-metrics,go.opentelemetry.io/contrib/instrumentation/google.golang.org/grpc/otelgrpc,0.60.0,Export,opentelemetry.proto.collector.trace.v1.TraceService,grpc
2025-07-05 13:07:44,40363,rpc_client_response_size_bytes_count,otelcol.exporter.otlp.tempo,/,alloy:8080,alloy-metrics,go.opentelemetry.io/contrib/instrumentation/google.golang.org/grpc/otelgrpc,0.60.0,Export,opentelemetry.proto.collector.trace.v1.TraceService,grpc
2025-07-05 13:08:44,40363,rpc_client_response_size_bytes_count,otelcol.exporter.otlp.tempo,/,alloy:8080,alloy-metrics,go.opentelemetry.io/contrib/instrumentation/google.golang.org/grpc/otelgrpc,0.60.0,Export,opentelemetry.proto.collector.trace.v1.TraceService,grpc
2025-07-05 13:09:44,40502,rpc_client_response_size_bytes_count,otelcol.exporter.otlp.tempo,/,alloy:8080,alloy-metrics,go.opentelemetry.io/contrib/instrumentation/google.golang.org/grpc/otelgrpc,0.60.0,Export,opentelemetry.proto.collector.trace.v1.TraceService,grpc
